subject_id,filename,nail_width_px,nail_height_px,left_skin_px,right_skin_px,ratio_w_h,ratio_left_w,ratio_right_w,pt1_x,pt1_y,pt2_x,pt2_y,pt3_x,pt3_y,pt4_x,pt4_y,pt5_x,pt5_y,pt6_x,pt6_y,timestamp
P1,P1.jpg,79.2,85.1,20.0,19.0,0.9307,0.2525,0.2399,332.0,225.0,411.0,220.0,375.0,174.0,371.0,259.0,312.0,237.0,430.0,244.0,2026-05-19 17:31:58
P1,P1.jpg,87.0,93.4,16.0,15.0,0.9315,0.1839,0.1724,330.0,218.0,417.0,217.0,379.0,169.0,370.0,262.0,314.0,237.0,432.0,245.0,2026-05-19 17:32:30
P10,P10.jpg,62.0,56.1,16.0,4.0,1.1052,0.2581,0.0645,374.0,313.0,436.0,314.0,410.0,281.0,399.0,336.0,358.0,322.0,440.0,330.0,2026-05-19 17:32:39
P11,P11.jpg,66.3,94.8,20.0,19.0,0.6994,0.3017,0.2866,299.0,269.0,365.0,275.0,337.0,228.0,325.0,322.0,279.0,275.0,384.0,285.0,2026-05-19 17:32:48
P12,P12.jpg,62.0,53.2,21.0,15.0,1.1654,0.3387,0.2419,357.0,260.0,419.0,259.0,392.0,227.0,387.0,280.0,336.0,281.0,434.0,281.0,2026-05-19 17:32:55
P13,P13.jpg,77.0,59.3,17.0,17.0,1.2985,0.2208,0.2208,349.0,277.0,426.0,277.0,390.0,238.0,384.0,297.0,332.0,287.0,443.0,289.0,2026-05-19 17:33:05
P14,P14.jpg,90.2,52.5,18.0,13.0,1.7181,0.1996,0.1441,309.0,232.0,399.0,238.0,357.0,203.0,350.0,255.0,291.0,231.0,412.0,244.0,2026-05-19 17:33:25
P15,P15.jpg,66.0,64.2,25.0,22.0,1.028,0.3788,0.3333,377.0,288.0,443.0,290.0,413.0,257.0,408.0,321.0,352.0,297.0,465.0,309.0,2026-05-19 17:33:42
P16,P16.jpg,77.0,89.0,27.0,22.0,0.8652,0.3506,0.2857,343.0,258.0,420.0,260.0,381.0,212.0,380.0,301.0,316.0,268.0,442.0,269.0,2026-05-19 17:33:48
P17,P17.jpg,93.0,71.0,20.0,21.0,1.3099,0.2151,0.2258,345.0,271.0,438.0,272.0,390.0,246.0,390.0,317.0,325.0,286.0,459.0,290.0,2026-05-19 17:33:54
P18,P18.jpg,86.4,95.1,20.0,15.0,0.9085,0.2315,0.1736,425.0,273.0,511.0,265.0,468.0,223.0,473.0,318.0,405.0,286.0,526.0,281.0,2026-05-19 17:34:14
P19,P19.jpg,71.1,108.1,26.0,21.0,0.6577,0.3657,0.2954,361.0,255.0,432.0,258.0,398.0,199.0,394.0,307.0,335.0,271.0,453.0,273.0,2026-05-19 17:34:22
P2,P2.jpg,57.0,75.1,15.0,12.0,0.759,0.2632,0.2105,402.0,242.0,459.0,243.0,432.0,204.0,429.0,279.0,387.0,254.0,471.0,258.0,2026-05-19 17:34:29
P20,P20.jpg,77.1,113.2,38.0,19.0,0.6811,0.4929,0.2464,337.0,245.0,414.0,248.0,378.0,181.0,371.0,294.0,299.0,257.0,433.0,271.0,2026-05-19 17:34:36
P21,P21.jpg,87.0,97.2,16.0,15.0,0.8951,0.1839,0.1724,388.0,305.0,475.0,307.0,435.0,250.0,429.0,347.0,372.0,320.0,490.0,328.0,2026-05-19 17:34:43
P22,P22.jpg,87.1,104.1,19.0,14.0,0.8367,0.2181,0.1607,360.0,287.0,447.0,292.0,411.0,233.0,396.0,336.0,341.0,303.0,461.0,313.0,2026-05-19 17:35:03
P23,P23.jpg,94.0,110.7,24.0,23.0,0.8491,0.2553,0.2447,355.0,269.0,448.0,283.0,407.0,215.0,395.0,325.0,331.0,286.0,471.0,302.0,2026-05-19 17:35:11
P24,P24.jpg,105.0,87.2,17.0,11.0,1.2041,0.1619,0.1048,337.0,312.0,442.0,312.0,390.0,264.0,384.0,351.0,320.0,329.0,453.0,339.0,2026-05-19 17:35:17
P25,P25.jpg,82.6,110.9,32.0,25.0,0.7448,0.3874,0.3027,369.0,246.0,451.0,256.0,414.0,201.0,400.0,311.0,337.0,268.0,476.0,279.0,2026-05-19 17:35:24
P26,P26.jpg,80.2,100.6,32.0,13.0,0.7972,0.399,0.1621,360.0,224.0,440.0,229.0,403.0,173.0,392.0,273.0,328.0,239.0,453.0,250.0,2026-05-19 17:35:30
P27,P27.jpg,92.0,73.1,30.0,26.0,1.2585,0.3261,0.2826,319.0,260.0,411.0,263.0,371.0,224.0,368.0,297.0,289.0,275.0,437.0,275.0,2026-05-19 17:35:35
P28,P28.jpg,72.1,95.4,23.0,20.0,0.7558,0.319,0.2774,391.0,302.0,463.0,305.0,432.0,258.0,423.0,353.0,368.0,320.0,483.0,322.0,2026-05-19 17:35:42
P29,P29.jpg,92.4,88.5,27.0,17.0,1.0441,0.2922,0.184,358.0,265.0,450.0,274.0,407.0,217.0,398.0,305.0,331.0,280.0,467.0,289.0,2026-05-19 17:35:48
P3,P3.jpg,38.0,37.2,12.0,4.0,1.0215,0.3158,0.1053,379.0,360.0,417.0,361.0,399.0,346.0,395.0,383.0,367.0,374.0,421.0,375.0,2026-05-19 17:35:54
P30,P30.jpg,83.1,103.2,27.0,13.0,0.8052,0.3249,0.1564,346.0,261.0,429.0,265.0,389.0,200.0,382.0,303.0,319.0,270.0,442.0,289.0,2026-05-19 17:36:00
P31,P31.jpg,95.1,84.1,31.0,14.0,1.1308,0.326,0.1472,349.0,249.0,444.0,253.0,400.0,208.0,396.0,292.0,318.0,271.0,458.0,277.0,2026-05-19 17:36:07
P32,P32.jpg,83.0,84.1,27.0,21.0,0.9869,0.3253,0.253,349.0,244.0,432.0,244.0,394.0,203.0,390.0,287.0,322.0,260.0,453.0,260.0,2026-05-19 17:36:12
P33,P33.jpg,82.2,79.5,26.0,9.0,1.034,0.3163,0.1095,374.0,207.0,456.0,213.0,416.0,172.0,407.0,251.0,348.0,223.0,465.0,233.0,2026-05-19 17:36:19
P34,P34.jpg,74.0,90.0,18.0,12.0,0.8222,0.2432,0.1622,352.0,267.0,426.0,268.0,389.0,226.0,389.0,316.0,334.0,282.0,438.0,286.0,2026-05-19 17:36:25
P36,P36.jpg,86.1,107.1,26.0,14.0,0.8039,0.302,0.1626,371.0,256.0,457.0,259.0,411.0,203.0,407.0,310.0,345.0,271.0,471.0,276.0,2026-05-19 17:36:30
P37,P37.jpg,84.4,102.0,28.0,21.0,0.8275,0.3318,0.2488,354.0,295.0,438.0,303.0,394.0,261.0,391.0,363.0,326.0,315.0,459.0,316.0,2026-05-19 17:36:35
P38,P38.jpg,91.7,114.3,16.0,16.0,0.8023,0.1745,0.1745,337.0,227.0,428.0,238.0,387.0,176.0,370.0,289.0,321.0,251.0,444.0,264.0,2026-05-19 17:36:41
P4,P4.jpg,36.0,34.2,9.0,7.0,1.0526,0.25,0.1944,379.0,365.0,415.0,365.0,399.0,346.0,395.0,380.0,370.0,375.0,422.0,377.0,2026-05-19 17:36:47
P40,P40.jpg,85.7,98.1,16.0,10.0,0.8736,0.1867,0.1167,355.0,254.0,440.0,265.0,395.0,209.0,390.0,307.0,339.0,268.0,450.0,279.0,2026-05-19 17:36:52
P41,P41.jpg,72.2,47.7,18.0,17.0,1.5136,0.2493,0.2355,415.0,259.0,487.0,265.0,462.0,239.0,454.0,286.0,397.0,276.0,504.0,281.0,2026-05-19 17:36:57
P42,P42.jpg,74.0,92.2,29.0,17.0,0.8026,0.3919,0.2297,387.0,218.0,460.0,230.0,423.0,173.0,417.0,265.0,358.0,232.0,477.0,243.0,2026-05-19 17:37:06
P44,P44.jpg,77.1,100.0,23.0,22.0,0.771,0.2983,0.2853,346.0,273.0,422.0,286.0,383.0,218.0,382.0,318.0,323.0,290.0,444.0,294.0,2026-05-19 17:37:12
P46,P46.jpg,94.9,77.3,15.0,16.0,1.2277,0.1581,0.1686,371.0,164.0,465.0,177.0,427.0,132.0,413.0,208.0,356.0,180.0,481.0,193.0,2026-05-19 17:37:17
P47,P47.jpg,81.1,82.0,22.0,22.0,0.989,0.2713,0.2713,360.0,271.0,441.0,274.0,405.0,238.0,405.0,320.0,338.0,293.0,463.0,299.0,2026-05-19 17:37:22
P48,P48.jpg,90.1,100.5,14.0,10.0,0.8965,0.1554,0.111,365.0,249.0,454.0,263.0,411.0,207.0,401.0,307.0,351.0,260.0,464.0,281.0,2026-05-19 17:37:28
P49,P49.jpg,110.2,104.6,28.0,28.0,1.0535,0.2541,0.2541,383.0,190.0,492.0,206.0,446.0,148.0,435.0,252.0,355.0,215.0,520.0,234.0,2026-05-19 17:37:33
P5,P5.jpg,121.9,72.2,20.0,17.0,1.6884,0.1641,0.1395,349.0,302.0,470.0,317.0,413.0,272.0,407.0,344.0,329.0,306.0,487.0,327.0,2026-05-19 17:37:38
P50,P50.jpg,93.3,75.1,30.0,20.0,1.2423,0.3215,0.2144,363.0,236.0,456.0,243.0,410.0,199.0,406.0,274.0,333.0,241.0,476.0,259.0,2026-05-19 17:37:44
P51,P51.jpg,88.0,103.7,24.0,25.0,0.8486,0.2727,0.2841,366.0,296.0,454.0,296.0,418.0,247.0,406.0,350.0,342.0,306.0,479.0,318.0,2026-05-19 17:37:50
P52,P52.jpg,71.0,86.1,28.0,13.0,0.8246,0.3944,0.1831,372.0,267.0,443.0,268.0,406.0,229.0,401.0,315.0,344.0,276.0,456.0,289.0,2026-05-19 17:37:55
P53,P53.jpg,70.6,83.6,22.0,12.0,0.8445,0.3116,0.17,372.0,209.0,442.0,218.0,413.0,168.0,403.0,251.0,350.0,228.0,454.0,250.0,2026-05-19 17:38:00
P6,P6.jpg,87.3,88.5,23.0,15.0,0.9864,0.2635,0.1718,316.0,254.0,403.0,261.0,362.0,221.0,353.0,309.0,293.0,275.0,418.0,288.0,2026-05-19 17:38:05
P7,P7.jpg,70.0,63.0,12.0,10.0,1.1111,0.1714,0.1429,390.0,289.0,460.0,289.0,425.0,253.0,425.0,316.0,378.0,308.0,470.0,309.0,2026-05-19 17:38:10
P8,P8.jpg,80.9,63.8,24.0,9.0,1.268,0.2967,0.1112,352.0,241.0,432.0,253.0,400.0,218.0,390.0,281.0,328.0,251.0,441.0,274.0,2026-05-19 17:38:15
P9,P9.jpg,71.3,85.7,19.0,17.0,0.832,0.2665,0.2384,383.0,299.0,454.0,305.0,425.0,261.0,408.0,345.0,364.0,316.0,471.0,337.0,2026-05-19 17:38:24
