panel_order,panel_label,panel_col,panel_row,section,force_pair,group,n_subjects,mean_pct,sd_pct,sem_pct,median_pct,q1_pct,q3_pct,iqr_pct,whisker_lo_pct,whisker_hi_pct,min_pct,max_pct,statistical_test,contrast,p_value,significance,subject_id,accuracy_pct,mean_same_trial_pct,mean_diff_trial_pct,same_trial_accuracy_pct,diff_trial_accuracy_pct,n_trials
"(1,1)","(1,1) 2AFC — Low band",1,1,descriptive,0.4–1,,25.000000,72.333300,10.408300,2.081700,66.666700,66.666700,83.333300,16.666700,50.000000,91.666700,50.000000,91.666700,,,,,,,,,,,
"(1,1)","(1,1) 2AFC — Low band",1,1,descriptive,0.6–1,,25.000000,21.666700,11.537000,2.307400,16.666700,16.666700,25.000000,8.333300,8.333300,33.333300,0.000000,50.000000,,,,,,,,,,,
"(1,1)","(1,1) 2AFC — Low band",1,1,descriptive,1–1.4,,25.000000,34.333300,15.833300,3.166700,33.333300,16.666700,41.666700,25.000000,8.333300,66.666700,8.333300,66.666700,,,,,,,,,,,
"(1,1)","(1,1) 2AFC — Low band",1,1,descriptive,1–2,,25.000000,71.333300,15.971600,3.194300,75.000000,58.333300,83.333300,25.000000,33.333300,91.666700,33.333300,91.666700,,,,,,,,,,,
"(1,1)","(1,1) 2AFC — Low band",1,1,inferential,0.4–1 vs 0.6–1,,,,,,,,,,,,,,"GEE (binomial, subject clustering)",0.6–1 − 0.4–1,0.000000,***,,,,,,,
"(1,1)","(1,1) 2AFC — Low band",1,1,inferential,0.4–1 vs 1–1.4,,,,,,,,,,,,,,"GEE (binomial, subject clustering)",1–1.4 − 0.4–1,0.000000,***,,,,,,,
"(1,1)","(1,1) 2AFC — Low band",1,1,inferential,0.4–1 vs 1–2,,,,,,,,,,,,,,"GEE (binomial, subject clustering)",1–2 − 0.4–1,0.758968,,,,,,,,
"(1,1)","(1,1) 2AFC — Low band",1,1,inferential,0.6–1 vs 1–1.4,,,,,,,,,,,,,,"GEE (binomial, subject clustering)",1–1.4 − 0.6–1,0.001465,**,,,,,,,
"(1,1)","(1,1) 2AFC — Low band",1,1,inferential,0.6–1 vs 1–2,,,,,,,,,,,,,,"GEE (binomial, subject clustering)",1–2 − 0.6–1,0.000000,***,,,,,,,
"(1,1)","(1,1) 2AFC — Low band",1,1,inferential,1–1.4 vs 1–2,,,,,,,,,,,,,,"GEE (binomial, subject clustering)",1–2 − 1–1.4,0.000000,***,,,,,,,
"(1,1)","(1,1) 2AFC — Low band",1,1,subject_data,0.4–1,all pairs,,,,,,,,,,,,,,,,,P21,50.000000,,,,,
"(1,1)","(1,1) 2AFC — Low band",1,1,subject_data,0.6–1,all pairs,,,,,,,,,,,,,,,,,P21,16.666700,,,,,
"(1,1)","(1,1) 2AFC — Low band",1,1,subject_data,1–1.4,all pairs,,,,,,,,,,,,,,,,,P21,25.000000,,,,,
"(1,1)","(1,1) 2AFC — Low band",1,1,subject_data,1–2,all pairs,,,,,,,,,,,,,,,,,P21,66.666700,,,,,
"(1,1)","(1,1) 2AFC — Low band",1,1,subject_data,0.4–1,all pairs,,,,,,,,,,,,,,,,,P22,58.333300,,,,,
"(1,1)","(1,1) 2AFC — Low band",1,1,subject_data,0.6–1,all pairs,,,,,,,,,,,,,,,,,P22,8.333300,,,,,
"(1,1)","(1,1) 2AFC — Low band",1,1,subject_data,1–1.4,all pairs,,,,,,,,,,,,,,,,,P22,41.666700,,,,,
"(1,1)","(1,1) 2AFC — Low band",1,1,subject_data,1–2,all pairs,,,,,,,,,,,,,,,,,P22,75.000000,,,,,
"(1,1)","(1,1) 2AFC — Low band",1,1,subject_data,0.4–1,all pairs,,,,,,,,,,,,,,,,,P23,66.666700,,,,,
"(1,1)","(1,1) 2AFC — Low band",1,1,subject_data,0.6–1,all pairs,,,,,,,,,,,,,,,,,P23,33.333300,,,,,
"(1,1)","(1,1) 2AFC — Low band",1,1,subject_data,1–1.4,all pairs,,,,,,,,,,,,,,,,,P23,16.666700,,,,,
"(1,1)","(1,1) 2AFC — Low band",1,1,subject_data,1–2,all pairs,,,,,,,,,,,,,,,,,P23,50.000000,,,,,
"(1,1)","(1,1) 2AFC — Low band",1,1,subject_data,0.4–1,all pairs,,,,,,,,,,,,,,,,,P24,66.666700,,,,,
"(1,1)","(1,1) 2AFC — Low band",1,1,subject_data,0.6–1,all pairs,,,,,,,,,,,,,,,,,P24,16.666700,,,,,
"(1,1)","(1,1) 2AFC — Low band",1,1,subject_data,1–1.4,all pairs,,,,,,,,,,,,,,,,,P24,41.666700,,,,,
"(1,1)","(1,1) 2AFC — Low band",1,1,subject_data,1–2,all pairs,,,,,,,,,,,,,,,,,P24,33.333300,,,,,
"(1,1)","(1,1) 2AFC — Low band",1,1,subject_data,0.4–1,all pairs,,,,,,,,,,,,,,,,,P25,66.666700,,,,,
"(1,1)","(1,1) 2AFC — Low band",1,1,subject_data,0.6–1,all pairs,,,,,,,,,,,,,,,,,P25,16.666700,,,,,
"(1,1)","(1,1) 2AFC — Low band",1,1,subject_data,1–1.4,all pairs,,,,,,,,,,,,,,,,,P25,16.666700,,,,,
"(1,1)","(1,1) 2AFC — Low band",1,1,subject_data,1–2,all pairs,,,,,,,,,,,,,,,,,P25,41.666700,,,,,
"(1,1)","(1,1) 2AFC — Low band",1,1,subject_data,0.4–1,all pairs,,,,,,,,,,,,,,,,,P26,66.666700,,,,,
"(1,1)","(1,1) 2AFC — Low band",1,1,subject_data,0.6–1,all pairs,,,,,,,,,,,,,,,,,P26,33.333300,,,,,
"(1,1)","(1,1) 2AFC — Low band",1,1,subject_data,1–1.4,all pairs,,,,,,,,,,,,,,,,,P26,16.666700,,,,,
"(1,1)","(1,1) 2AFC — Low band",1,1,subject_data,1–2,all pairs,,,,,,,,,,,,,,,,,P26,58.333300,,,,,
"(1,1)","(1,1) 2AFC — Low band",1,1,subject_data,0.4–1,all pairs,,,,,,,,,,,,,,,,,P27,66.666700,,,,,
"(1,1)","(1,1) 2AFC — Low band",1,1,subject_data,0.6–1,all pairs,,,,,,,,,,,,,,,,,P27,33.333300,,,,,
"(1,1)","(1,1) 2AFC — Low band",1,1,subject_data,1–1.4,all pairs,,,,,,,,,,,,,,,,,P27,33.333300,,,,,
"(1,1)","(1,1) 2AFC — Low band",1,1,subject_data,1–2,all pairs,,,,,,,,,,,,,,,,,P27,66.666700,,,,,
"(1,1)","(1,1) 2AFC — Low band",1,1,subject_data,0.4–1,all pairs,,,,,,,,,,,,,,,,,P28,83.333300,,,,,
"(1,1)","(1,1) 2AFC — Low band",1,1,subject_data,0.6–1,all pairs,,,,,,,,,,,,,,,,,P28,25.000000,,,,,
"(1,1)","(1,1) 2AFC — Low band",1,1,subject_data,1–1.4,all pairs,,,,,,,,,,,,,,,,,P28,33.333300,,,,,
"(1,1)","(1,1) 2AFC — Low band",1,1,subject_data,1–2,all pairs,,,,,,,,,,,,,,,,,P28,66.666700,,,,,
"(1,1)","(1,1) 2AFC — Low band",1,1,subject_data,0.4–1,all pairs,,,,,,,,,,,,,,,,,P30,66.666700,,,,,
"(1,1)","(1,1) 2AFC — Low band",1,1,subject_data,0.6–1,all pairs,,,,,,,,,,,,,,,,,P30,25.000000,,,,,
"(1,1)","(1,1) 2AFC — Low band",1,1,subject_data,1–1.4,all pairs,,,,,,,,,,,,,,,,,P30,25.000000,,,,,
"(1,1)","(1,1) 2AFC — Low band",1,1,subject_data,1–2,all pairs,,,,,,,,,,,,,,,,,P30,91.666700,,,,,
"(1,1)","(1,1) 2AFC — Low band",1,1,subject_data,0.4–1,all pairs,,,,,,,,,,,,,,,,,P32,83.333300,,,,,
"(1,1)","(1,1) 2AFC — Low band",1,1,subject_data,0.6–1,all pairs,,,,,,,,,,,,,,,,,P32,0.000000,,,,,
"(1,1)","(1,1) 2AFC — Low band",1,1,subject_data,1–1.4,all pairs,,,,,,,,,,,,,,,,,P32,16.666700,,,,,
"(1,1)","(1,1) 2AFC — Low band",1,1,subject_data,1–2,all pairs,,,,,,,,,,,,,,,,,P32,58.333300,,,,,
"(1,1)","(1,1) 2AFC — Low band",1,1,subject_data,0.4–1,all pairs,,,,,,,,,,,,,,,,,P42,75.000000,,,,,
"(1,1)","(1,1) 2AFC — Low band",1,1,subject_data,0.6–1,all pairs,,,,,,,,,,,,,,,,,P42,16.666700,,,,,
"(1,1)","(1,1) 2AFC — Low band",1,1,subject_data,1–1.4,all pairs,,,,,,,,,,,,,,,,,P42,33.333300,,,,,
"(1,1)","(1,1) 2AFC — Low band",1,1,subject_data,1–2,all pairs,,,,,,,,,,,,,,,,,P42,66.666700,,,,,
"(1,1)","(1,1) 2AFC — Low band",1,1,subject_data,0.4–1,all pairs,,,,,,,,,,,,,,,,,P44,83.333300,,,,,
"(1,1)","(1,1) 2AFC — Low band",1,1,subject_data,0.6–1,all pairs,,,,,,,,,,,,,,,,,P44,50.000000,,,,,
"(1,1)","(1,1) 2AFC — Low band",1,1,subject_data,1–1.4,all pairs,,,,,,,,,,,,,,,,,P44,25.000000,,,,,
"(1,1)","(1,1) 2AFC — Low band",1,1,subject_data,1–2,all pairs,,,,,,,,,,,,,,,,,P44,83.333300,,,,,
"(1,1)","(1,1) 2AFC — Low band",1,1,subject_data,0.4–1,all pairs,,,,,,,,,,,,,,,,,P45,66.666700,,,,,
"(1,1)","(1,1) 2AFC — Low band",1,1,subject_data,0.6–1,all pairs,,,,,,,,,,,,,,,,,P45,16.666700,,,,,
"(1,1)","(1,1) 2AFC — Low band",1,1,subject_data,1–1.4,all pairs,,,,,,,,,,,,,,,,,P45,41.666700,,,,,
"(1,1)","(1,1) 2AFC — Low band",1,1,subject_data,1–2,all pairs,,,,,,,,,,,,,,,,,P45,75.000000,,,,,
"(1,1)","(1,1) 2AFC — Low band",1,1,subject_data,0.4–1,all pairs,,,,,,,,,,,,,,,,,P46,83.333300,,,,,
"(1,1)","(1,1) 2AFC — Low band",1,1,subject_data,0.6–1,all pairs,,,,,,,,,,,,,,,,,P46,25.000000,,,,,
"(1,1)","(1,1) 2AFC — Low band",1,1,subject_data,1–1.4,all pairs,,,,,,,,,,,,,,,,,P46,16.666700,,,,,
"(1,1)","(1,1) 2AFC — Low band",1,1,subject_data,1–2,all pairs,,,,,,,,,,,,,,,,,P46,58.333300,,,,,
"(1,1)","(1,1) 2AFC — Low band",1,1,subject_data,0.4–1,all pairs,,,,,,,,,,,,,,,,,P47,75.000000,,,,,
"(1,1)","(1,1) 2AFC — Low band",1,1,subject_data,0.6–1,all pairs,,,,,,,,,,,,,,,,,P47,8.333300,,,,,
"(1,1)","(1,1) 2AFC — Low band",1,1,subject_data,1–1.4,all pairs,,,,,,,,,,,,,,,,,P47,8.333300,,,,,
"(1,1)","(1,1) 2AFC — Low band",1,1,subject_data,1–2,all pairs,,,,,,,,,,,,,,,,,P47,83.333300,,,,,
"(1,1)","(1,1) 2AFC — Low band",1,1,subject_data,0.4–1,all pairs,,,,,,,,,,,,,,,,,P48,83.333300,,,,,
"(1,1)","(1,1) 2AFC — Low band",1,1,subject_data,0.6–1,all pairs,,,,,,,,,,,,,,,,,P48,16.666700,,,,,
"(1,1)","(1,1) 2AFC — Low band",1,1,subject_data,1–1.4,all pairs,,,,,,,,,,,,,,,,,P48,41.666700,,,,,
"(1,1)","(1,1) 2AFC — Low band",1,1,subject_data,1–2,all pairs,,,,,,,,,,,,,,,,,P48,83.333300,,,,,
"(1,1)","(1,1) 2AFC — Low band",1,1,subject_data,0.4–1,all pairs,,,,,,,,,,,,,,,,,P49,75.000000,,,,,
"(1,1)","(1,1) 2AFC — Low band",1,1,subject_data,0.6–1,all pairs,,,,,,,,,,,,,,,,,P49,33.333300,,,,,
"(1,1)","(1,1) 2AFC — Low band",1,1,subject_data,1–1.4,all pairs,,,,,,,,,,,,,,,,,P49,16.666700,,,,,
"(1,1)","(1,1) 2AFC — Low band",1,1,subject_data,1–2,all pairs,,,,,,,,,,,,,,,,,P49,91.666700,,,,,
"(1,1)","(1,1) 2AFC — Low band",1,1,subject_data,0.4–1,all pairs,,,,,,,,,,,,,,,,,P50,66.666700,,,,,
"(1,1)","(1,1) 2AFC — Low band",1,1,subject_data,0.6–1,all pairs,,,,,,,,,,,,,,,,,P50,25.000000,,,,,
"(1,1)","(1,1) 2AFC — Low band",1,1,subject_data,1–1.4,all pairs,,,,,,,,,,,,,,,,,P50,50.000000,,,,,
"(1,1)","(1,1) 2AFC — Low band",1,1,subject_data,1–2,all pairs,,,,,,,,,,,,,,,,,P50,83.333300,,,,,
"(1,1)","(1,1) 2AFC — Low band",1,1,subject_data,0.4–1,all pairs,,,,,,,,,,,,,,,,,P51,66.666700,,,,,
"(1,1)","(1,1) 2AFC — Low band",1,1,subject_data,0.6–1,all pairs,,,,,,,,,,,,,,,,,P51,41.666700,,,,,
"(1,1)","(1,1) 2AFC — Low band",1,1,subject_data,1–1.4,all pairs,,,,,,,,,,,,,,,,,P51,41.666700,,,,,
"(1,1)","(1,1) 2AFC — Low band",1,1,subject_data,1–2,all pairs,,,,,,,,,,,,,,,,,P51,75.000000,,,,,
"(1,1)","(1,1) 2AFC — Low band",1,1,subject_data,0.4–1,all pairs,,,,,,,,,,,,,,,,,P52,75.000000,,,,,
"(1,1)","(1,1) 2AFC — Low band",1,1,subject_data,0.6–1,all pairs,,,,,,,,,,,,,,,,,P52,25.000000,,,,,
"(1,1)","(1,1) 2AFC — Low band",1,1,subject_data,1–1.4,all pairs,,,,,,,,,,,,,,,,,P52,58.333300,,,,,
"(1,1)","(1,1) 2AFC — Low band",1,1,subject_data,1–2,all pairs,,,,,,,,,,,,,,,,,P52,91.666700,,,,,
"(1,1)","(1,1) 2AFC — Low band",1,1,subject_data,0.4–1,all pairs,,,,,,,,,,,,,,,,,P53,66.666700,,,,,
"(1,1)","(1,1) 2AFC — Low band",1,1,subject_data,0.6–1,all pairs,,,,,,,,,,,,,,,,,P53,25.000000,,,,,
"(1,1)","(1,1) 2AFC — Low band",1,1,subject_data,1–1.4,all pairs,,,,,,,,,,,,,,,,,P53,58.333300,,,,,
"(1,1)","(1,1) 2AFC — Low band",1,1,subject_data,1–2,all pairs,,,,,,,,,,,,,,,,,P53,58.333300,,,,,
"(1,1)","(1,1) 2AFC — Low band",1,1,subject_data,0.4–1,all pairs,,,,,,,,,,,,,,,,,P54,91.666700,,,,,
"(1,1)","(1,1) 2AFC — Low band",1,1,subject_data,0.6–1,all pairs,,,,,,,,,,,,,,,,,P54,16.666700,,,,,
"(1,1)","(1,1) 2AFC — Low band",1,1,subject_data,1–1.4,all pairs,,,,,,,,,,,,,,,,,P54,66.666700,,,,,
"(1,1)","(1,1) 2AFC — Low band",1,1,subject_data,1–2,all pairs,,,,,,,,,,,,,,,,,P54,83.333300,,,,,
"(1,1)","(1,1) 2AFC — Low band",1,1,subject_data,0.4–1,all pairs,,,,,,,,,,,,,,,,,P55,58.333300,,,,,
"(1,1)","(1,1) 2AFC — Low band",1,1,subject_data,0.6–1,all pairs,,,,,,,,,,,,,,,,,P55,16.666700,,,,,
"(1,1)","(1,1) 2AFC — Low band",1,1,subject_data,1–1.4,all pairs,,,,,,,,,,,,,,,,,P55,50.000000,,,,,
"(1,1)","(1,1) 2AFC — Low band",1,1,subject_data,1–2,all pairs,,,,,,,,,,,,,,,,,P55,83.333300,,,,,
"(1,1)","(1,1) 2AFC — Low band",1,1,subject_data,0.4–1,all pairs,,,,,,,,,,,,,,,,,P56,75.000000,,,,,
"(1,1)","(1,1) 2AFC — Low band",1,1,subject_data,0.6–1,all pairs,,,,,,,,,,,,,,,,,P56,8.333300,,,,,
"(1,1)","(1,1) 2AFC — Low band",1,1,subject_data,1–1.4,all pairs,,,,,,,,,,,,,,,,,P56,50.000000,,,,,
"(1,1)","(1,1) 2AFC — Low band",1,1,subject_data,1–2,all pairs,,,,,,,,,,,,,,,,,P56,66.666700,,,,,
"(1,1)","(1,1) 2AFC — Low band",1,1,subject_data,0.4–1,all pairs,,,,,,,,,,,,,,,,,P59,91.666700,,,,,
"(1,1)","(1,1) 2AFC — Low band",1,1,subject_data,0.6–1,all pairs,,,,,,,,,,,,,,,,,P59,8.333300,,,,,
"(1,1)","(1,1) 2AFC — Low band",1,1,subject_data,1–1.4,all pairs,,,,,,,,,,,,,,,,,P59,33.333300,,,,,
"(1,1)","(1,1) 2AFC — Low band",1,1,subject_data,1–2,all pairs,,,,,,,,,,,,,,,,,P59,91.666700,,,,,
"(1,2)","(1,2) 2AFC — High band",1,2,descriptive,10–26,,25.000000,83.333300,11.537000,2.307400,83.333300,75.000000,91.666700,16.666700,58.333300,100.000000,58.333300,100.000000,,,,,,,,,,,
"(1,2)","(1,2) 2AFC — High band",1,2,descriptive,15–26,,25.000000,25.666700,14.010600,2.802100,25.000000,16.666700,33.333300,16.666700,0.000000,50.000000,0.000000,58.333300,,,,,,,,,,,
"(1,2)","(1,2) 2AFC — High band",1,2,descriptive,26–60,,25.000000,75.333300,13.710000,2.742000,75.000000,66.666700,83.333300,16.666700,50.000000,100.000000,50.000000,100.000000,,,,,,,,,,,
"(1,2)","(1,2) 2AFC — High band",1,2,inferential,10–26 vs 15–26,,,,,,,,,,,,,,"GEE (binomial, subject clustering)",15–26 − 10–26,0.000000,***,,,,,,,
"(1,2)","(1,2) 2AFC — High band",1,2,inferential,10–26 vs 26–60,,,,,,,,,,,,,,"GEE (binomial, subject clustering)",26–60 − 10–26,0.019878,*,,,,,,,
"(1,2)","(1,2) 2AFC — High band",1,2,inferential,15–26 vs 26–60,,,,,,,,,,,,,,"GEE (binomial, subject clustering)",26–60 − 15–26,0.000000,***,,,,,,,
"(1,2)","(1,2) 2AFC — High band",1,2,subject_data,10–26,all pairs,,,,,,,,,,,,,,,,,P21,83.333300,,,,,
"(1,2)","(1,2) 2AFC — High band",1,2,subject_data,15–26,all pairs,,,,,,,,,,,,,,,,,P21,0.000000,,,,,
"(1,2)","(1,2) 2AFC — High band",1,2,subject_data,26–60,all pairs,,,,,,,,,,,,,,,,,P21,75.000000,,,,,
"(1,2)","(1,2) 2AFC — High band",1,2,subject_data,10–26,all pairs,,,,,,,,,,,,,,,,,P22,83.333300,,,,,
"(1,2)","(1,2) 2AFC — High band",1,2,subject_data,15–26,all pairs,,,,,,,,,,,,,,,,,P22,8.333300,,,,,
"(1,2)","(1,2) 2AFC — High band",1,2,subject_data,26–60,all pairs,,,,,,,,,,,,,,,,,P22,83.333300,,,,,
"(1,2)","(1,2) 2AFC — High band",1,2,subject_data,10–26,all pairs,,,,,,,,,,,,,,,,,P23,83.333300,,,,,
"(1,2)","(1,2) 2AFC — High band",1,2,subject_data,15–26,all pairs,,,,,,,,,,,,,,,,,P23,33.333300,,,,,
"(1,2)","(1,2) 2AFC — High band",1,2,subject_data,26–60,all pairs,,,,,,,,,,,,,,,,,P23,58.333300,,,,,
"(1,2)","(1,2) 2AFC — High band",1,2,subject_data,10–26,all pairs,,,,,,,,,,,,,,,,,P24,83.333300,,,,,
"(1,2)","(1,2) 2AFC — High band",1,2,subject_data,15–26,all pairs,,,,,,,,,,,,,,,,,P24,8.333300,,,,,
"(1,2)","(1,2) 2AFC — High band",1,2,subject_data,26–60,all pairs,,,,,,,,,,,,,,,,,P24,50.000000,,,,,
"(1,2)","(1,2) 2AFC — High band",1,2,subject_data,10–26,all pairs,,,,,,,,,,,,,,,,,P25,58.333300,,,,,
"(1,2)","(1,2) 2AFC — High band",1,2,subject_data,15–26,all pairs,,,,,,,,,,,,,,,,,P25,25.000000,,,,,
"(1,2)","(1,2) 2AFC — High band",1,2,subject_data,26–60,all pairs,,,,,,,,,,,,,,,,,P25,50.000000,,,,,
"(1,2)","(1,2) 2AFC — High band",1,2,subject_data,10–26,all pairs,,,,,,,,,,,,,,,,,P26,66.666700,,,,,
"(1,2)","(1,2) 2AFC — High band",1,2,subject_data,15–26,all pairs,,,,,,,,,,,,,,,,,P26,25.000000,,,,,
"(1,2)","(1,2) 2AFC — High band",1,2,subject_data,26–60,all pairs,,,,,,,,,,,,,,,,,P26,83.333300,,,,,
"(1,2)","(1,2) 2AFC — High band",1,2,subject_data,10–26,all pairs,,,,,,,,,,,,,,,,,P27,100.000000,,,,,
"(1,2)","(1,2) 2AFC — High band",1,2,subject_data,15–26,all pairs,,,,,,,,,,,,,,,,,P27,33.333300,,,,,
"(1,2)","(1,2) 2AFC — High band",1,2,subject_data,26–60,all pairs,,,,,,,,,,,,,,,,,P27,50.000000,,,,,
"(1,2)","(1,2) 2AFC — High band",1,2,subject_data,10–26,all pairs,,,,,,,,,,,,,,,,,P28,100.000000,,,,,
"(1,2)","(1,2) 2AFC — High band",1,2,subject_data,15–26,all pairs,,,,,,,,,,,,,,,,,P28,16.666700,,,,,
"(1,2)","(1,2) 2AFC — High band",1,2,subject_data,26–60,all pairs,,,,,,,,,,,,,,,,,P28,66.666700,,,,,
"(1,2)","(1,2) 2AFC — High band",1,2,subject_data,10–26,all pairs,,,,,,,,,,,,,,,,,P30,91.666700,,,,,
"(1,2)","(1,2) 2AFC — High band",1,2,subject_data,15–26,all pairs,,,,,,,,,,,,,,,,,P30,16.666700,,,,,
"(1,2)","(1,2) 2AFC — High band",1,2,subject_data,26–60,all pairs,,,,,,,,,,,,,,,,,P30,83.333300,,,,,
"(1,2)","(1,2) 2AFC — High band",1,2,subject_data,10–26,all pairs,,,,,,,,,,,,,,,,,P32,83.333300,,,,,
"(1,2)","(1,2) 2AFC — High band",1,2,subject_data,15–26,all pairs,,,,,,,,,,,,,,,,,P32,16.666700,,,,,
"(1,2)","(1,2) 2AFC — High band",1,2,subject_data,26–60,all pairs,,,,,,,,,,,,,,,,,P32,66.666700,,,,,
"(1,2)","(1,2) 2AFC — High band",1,2,subject_data,10–26,all pairs,,,,,,,,,,,,,,,,,P42,83.333300,,,,,
"(1,2)","(1,2) 2AFC — High band",1,2,subject_data,15–26,all pairs,,,,,,,,,,,,,,,,,P42,8.333300,,,,,
"(1,2)","(1,2) 2AFC — High band",1,2,subject_data,26–60,all pairs,,,,,,,,,,,,,,,,,P42,66.666700,,,,,
"(1,2)","(1,2) 2AFC — High band",1,2,subject_data,10–26,all pairs,,,,,,,,,,,,,,,,,P44,100.000000,,,,,
"(1,2)","(1,2) 2AFC — High band",1,2,subject_data,15–26,all pairs,,,,,,,,,,,,,,,,,P44,25.000000,,,,,
"(1,2)","(1,2) 2AFC — High band",1,2,subject_data,26–60,all pairs,,,,,,,,,,,,,,,,,P44,100.000000,,,,,
"(1,2)","(1,2) 2AFC — High band",1,2,subject_data,10–26,all pairs,,,,,,,,,,,,,,,,,P45,100.000000,,,,,
"(1,2)","(1,2) 2AFC — High band",1,2,subject_data,15–26,all pairs,,,,,,,,,,,,,,,,,P45,41.666700,,,,,
"(1,2)","(1,2) 2AFC — High band",1,2,subject_data,26–60,all pairs,,,,,,,,,,,,,,,,,P45,83.333300,,,,,
"(1,2)","(1,2) 2AFC — High band",1,2,subject_data,10–26,all pairs,,,,,,,,,,,,,,,,,P46,66.666700,,,,,
"(1,2)","(1,2) 2AFC — High band",1,2,subject_data,15–26,all pairs,,,,,,,,,,,,,,,,,P46,25.000000,,,,,
"(1,2)","(1,2) 2AFC — High band",1,2,subject_data,26–60,all pairs,,,,,,,,,,,,,,,,,P46,75.000000,,,,,
"(1,2)","(1,2) 2AFC — High band",1,2,subject_data,10–26,all pairs,,,,,,,,,,,,,,,,,P47,75.000000,,,,,
"(1,2)","(1,2) 2AFC — High band",1,2,subject_data,15–26,all pairs,,,,,,,,,,,,,,,,,P47,50.000000,,,,,
"(1,2)","(1,2) 2AFC — High band",1,2,subject_data,26–60,all pairs,,,,,,,,,,,,,,,,,P47,75.000000,,,,,
"(1,2)","(1,2) 2AFC — High band",1,2,subject_data,10–26,all pairs,,,,,,,,,,,,,,,,,P48,91.666700,,,,,
"(1,2)","(1,2) 2AFC — High band",1,2,subject_data,15–26,all pairs,,,,,,,,,,,,,,,,,P48,33.333300,,,,,
"(1,2)","(1,2) 2AFC — High band",1,2,subject_data,26–60,all pairs,,,,,,,,,,,,,,,,,P48,66.666700,,,,,
"(1,2)","(1,2) 2AFC — High band",1,2,subject_data,10–26,all pairs,,,,,,,,,,,,,,,,,P49,91.666700,,,,,
"(1,2)","(1,2) 2AFC — High band",1,2,subject_data,15–26,all pairs,,,,,,,,,,,,,,,,,P49,16.666700,,,,,
"(1,2)","(1,2) 2AFC — High band",1,2,subject_data,26–60,all pairs,,,,,,,,,,,,,,,,,P49,83.333300,,,,,
"(1,2)","(1,2) 2AFC — High band",1,2,subject_data,10–26,all pairs,,,,,,,,,,,,,,,,,P50,83.333300,,,,,
"(1,2)","(1,2) 2AFC — High band",1,2,subject_data,15–26,all pairs,,,,,,,,,,,,,,,,,P50,25.000000,,,,,
"(1,2)","(1,2) 2AFC — High band",1,2,subject_data,26–60,all pairs,,,,,,,,,,,,,,,,,P50,91.666700,,,,,
"(1,2)","(1,2) 2AFC — High band",1,2,subject_data,10–26,all pairs,,,,,,,,,,,,,,,,,P51,75.000000,,,,,
"(1,2)","(1,2) 2AFC — High band",1,2,subject_data,15–26,all pairs,,,,,,,,,,,,,,,,,P51,58.333300,,,,,
"(1,2)","(1,2) 2AFC — High band",1,2,subject_data,26–60,all pairs,,,,,,,,,,,,,,,,,P51,83.333300,,,,,
"(1,2)","(1,2) 2AFC — High band",1,2,subject_data,10–26,all pairs,,,,,,,,,,,,,,,,,P52,75.000000,,,,,
"(1,2)","(1,2) 2AFC — High band",1,2,subject_data,15–26,all pairs,,,,,,,,,,,,,,,,,P52,25.000000,,,,,
"(1,2)","(1,2) 2AFC — High band",1,2,subject_data,26–60,all pairs,,,,,,,,,,,,,,,,,P52,91.666700,,,,,
"(1,2)","(1,2) 2AFC — High band",1,2,subject_data,10–26,all pairs,,,,,,,,,,,,,,,,,P53,66.666700,,,,,
"(1,2)","(1,2) 2AFC — High band",1,2,subject_data,15–26,all pairs,,,,,,,,,,,,,,,,,P53,25.000000,,,,,
"(1,2)","(1,2) 2AFC — High band",1,2,subject_data,26–60,all pairs,,,,,,,,,,,,,,,,,P53,75.000000,,,,,
"(1,2)","(1,2) 2AFC — High band",1,2,subject_data,10–26,all pairs,,,,,,,,,,,,,,,,,P54,91.666700,,,,,
"(1,2)","(1,2) 2AFC — High band",1,2,subject_data,15–26,all pairs,,,,,,,,,,,,,,,,,P54,33.333300,,,,,
"(1,2)","(1,2) 2AFC — High band",1,2,subject_data,26–60,all pairs,,,,,,,,,,,,,,,,,P54,83.333300,,,,,
"(1,2)","(1,2) 2AFC — High band",1,2,subject_data,10–26,all pairs,,,,,,,,,,,,,,,,,P55,83.333300,,,,,
"(1,2)","(1,2) 2AFC — High band",1,2,subject_data,15–26,all pairs,,,,,,,,,,,,,,,,,P55,50.000000,,,,,
"(1,2)","(1,2) 2AFC — High band",1,2,subject_data,26–60,all pairs,,,,,,,,,,,,,,,,,P55,83.333300,,,,,
"(1,2)","(1,2) 2AFC — High band",1,2,subject_data,10–26,all pairs,,,,,,,,,,,,,,,,,P56,91.666700,,,,,
"(1,2)","(1,2) 2AFC — High band",1,2,subject_data,15–26,all pairs,,,,,,,,,,,,,,,,,P56,25.000000,,,,,
"(1,2)","(1,2) 2AFC — High band",1,2,subject_data,26–60,all pairs,,,,,,,,,,,,,,,,,P56,66.666700,,,,,
"(1,2)","(1,2) 2AFC — High band",1,2,subject_data,10–26,all pairs,,,,,,,,,,,,,,,,,P59,75.000000,,,,,
"(1,2)","(1,2) 2AFC — High band",1,2,subject_data,15–26,all pairs,,,,,,,,,,,,,,,,,P59,16.666700,,,,,
"(1,2)","(1,2) 2AFC — High band",1,2,subject_data,26–60,all pairs,,,,,,,,,,,,,,,,,P59,91.666700,,,,,
"(2,1)","(2,1) SAME/DIFFERENT — Low band",2,1,descriptive,0.4–1,,15.000000,69.537000,15.309000,,66.666700,59.722200,78.472200,18.750000,50.000000,97.222200,,,,,,,,,73.333300,68.055600,,,
"(2,1)","(2,1) SAME/DIFFERENT — Low band",2,1,descriptive,0.6–1,,15.000000,50.694400,6.498600,,50.000000,44.444400,55.555600,11.111100,41.666700,63.888900,,,,,,,,,68.611100,41.111100,,,
"(2,1)","(2,1) SAME/DIFFERENT — Low band",2,1,descriptive,1–1.4,,15.000000,51.851900,10.375800,,52.777800,45.833300,58.333300,12.500000,30.555600,66.666700,,,,,,,,,71.388900,41.666700,,,
"(2,1)","(2,1) SAME/DIFFERENT — Low band",2,1,descriptive,1–2,,15.000000,72.175900,9.595500,,72.222200,66.666700,77.430600,10.763900,63.888900,91.666700,,,,,,,,,75.000000,70.833300,,,
"(2,1)","(2,1) SAME/DIFFERENT — Low band",2,1,inferential,0.4–1 vs 0.6–1,,,,,,,,,,,,,,"GEE (binomial, subject clustering)",0.6–1 − 0.4–1,0.000001,***,,,,,,,
"(2,1)","(2,1) SAME/DIFFERENT — Low band",2,1,inferential,0.4–1 vs 1–1.4,,,,,,,,,,,,,,"GEE (binomial, subject clustering)",1–1.4 − 0.4–1,0.000303,***,,,,,,,
"(2,1)","(2,1) SAME/DIFFERENT — Low band",2,1,inferential,0.4–1 vs 1–2,,,,,,,,,,,,,,"GEE (binomial, subject clustering)",1–2 − 0.4–1,0.475968,n.s.,,,,,,,
"(2,1)","(2,1) SAME/DIFFERENT — Low band",2,1,inferential,0.6–1 vs 1–1.4,,,,,,,,,,,,,,"GEE (binomial, subject clustering)",1–1.4 − 0.6–1,0.648080,n.s.,,,,,,,
"(2,1)","(2,1) SAME/DIFFERENT — Low band",2,1,inferential,0.6–1 vs 1–2,,,,,,,,,,,,,,"GEE (binomial, subject clustering)",1–2 − 0.6–1,0.000000,***,,,,,,,
"(2,1)","(2,1) SAME/DIFFERENT — Low band",2,1,inferential,1–1.4 vs 1–2,,,,,,,,,,,,,,"GEE (binomial, subject clustering)",1–2 − 1–1.4,0.000000,***,,,,,,,
"(2,1)","(2,1) SAME/DIFFERENT — Low band",2,1,subject_data,0.4–1,overall,,,,,,,,,,,,,,,,,P76,50.000000,,,41.666700,54.166700,36.000000
"(2,1)","(2,1) SAME/DIFFERENT — Low band",2,1,subject_data,0.6–1,overall,,,,,,,,,,,,,,,,,P76,41.666700,,,83.333300,20.833300,36.000000
"(2,1)","(2,1) SAME/DIFFERENT — Low band",2,1,subject_data,1–1.4,overall,,,,,,,,,,,,,,,,,P76,66.666700,,,83.333300,58.333300,36.000000
"(2,1)","(2,1) SAME/DIFFERENT — Low band",2,1,subject_data,1–2,overall,,,,,,,,,,,,,,,,,P76,80.555600,,,91.666700,75.000000,36.000000
"(2,1)","(2,1) SAME/DIFFERENT — Low band",2,1,subject_data,0.4–1,overall,,,,,,,,,,,,,,,,,P77,72.222200,,,50.000000,83.333300,36.000000
"(2,1)","(2,1) SAME/DIFFERENT — Low band",2,1,subject_data,0.6–1,overall,,,,,,,,,,,,,,,,,P77,50.000000,,,50.000000,50.000000,36.000000
"(2,1)","(2,1) SAME/DIFFERENT — Low band",2,1,subject_data,1–1.4,overall,,,,,,,,,,,,,,,,,P77,58.333300,,,75.000000,50.000000,36.000000
"(2,1)","(2,1) SAME/DIFFERENT — Low band",2,1,subject_data,1–2,overall,,,,,,,,,,,,,,,,,P77,72.222200,,,83.333300,66.666700,36.000000
"(2,1)","(2,1) SAME/DIFFERENT — Low band",2,1,subject_data,0.4–1,overall,,,,,,,,,,,,,,,,,P78,88.888900,,,83.333300,91.666700,36.000000
"(2,1)","(2,1) SAME/DIFFERENT — Low band",2,1,subject_data,0.6–1,overall,,,,,,,,,,,,,,,,,P78,50.000000,,,58.333300,45.833300,36.000000
"(2,1)","(2,1) SAME/DIFFERENT — Low band",2,1,subject_data,1–1.4,overall,,,,,,,,,,,,,,,,,P78,52.777800,,,75.000000,41.666700,36.000000
"(2,1)","(2,1) SAME/DIFFERENT — Low band",2,1,subject_data,1–2,overall,,,,,,,,,,,,,,,,,P78,69.444400,,,75.000000,66.666700,36.000000
"(2,1)","(2,1) SAME/DIFFERENT — Low band",2,1,subject_data,0.4–1,overall,,,,,,,,,,,,,,,,,P79,50.000000,,,75.000000,37.500000,36.000000
"(2,1)","(2,1) SAME/DIFFERENT — Low band",2,1,subject_data,0.6–1,overall,,,,,,,,,,,,,,,,,P79,44.444400,,,75.000000,29.166700,36.000000
"(2,1)","(2,1) SAME/DIFFERENT — Low band",2,1,subject_data,1–1.4,overall,,,,,,,,,,,,,,,,,P79,30.555600,,,41.666700,25.000000,36.000000
"(2,1)","(2,1) SAME/DIFFERENT — Low band",2,1,subject_data,1–2,overall,,,,,,,,,,,,,,,,,P79,66.666700,,,83.333300,58.333300,36.000000
"(2,1)","(2,1) SAME/DIFFERENT — Low band",2,1,subject_data,0.4–1,overall,,,,,,,,,,,,,,,,,P80,66.666700,,,58.333300,70.833300,36.000000
"(2,1)","(2,1) SAME/DIFFERENT — Low band",2,1,subject_data,0.6–1,overall,,,,,,,,,,,,,,,,,P80,47.222200,,,58.333300,41.666700,36.000000
"(2,1)","(2,1) SAME/DIFFERENT — Low band",2,1,subject_data,1–1.4,overall,,,,,,,,,,,,,,,,,P80,41.666700,,,58.333300,33.333300,36.000000
"(2,1)","(2,1) SAME/DIFFERENT — Low band",2,1,subject_data,1–2,overall,,,,,,,,,,,,,,,,,P80,63.888900,,,66.666700,62.500000,36.000000
"(2,1)","(2,1) SAME/DIFFERENT — Low band",2,1,subject_data,0.4–1,overall,,,,,,,,,,,,,,,,,P81,94.444400,,,83.333300,100.000000,36.000000
"(2,1)","(2,1) SAME/DIFFERENT — Low band",2,1,subject_data,0.6–1,overall,,,,,,,,,,,,,,,,,P81,55.555600,,,91.666700,37.500000,36.000000
"(2,1)","(2,1) SAME/DIFFERENT — Low band",2,1,subject_data,1–1.4,overall,,,,,,,,,,,,,,,,,P81,36.111100,,,75.000000,16.666700,36.000000
"(2,1)","(2,1) SAME/DIFFERENT — Low band",2,1,subject_data,1–2,overall,,,,,,,,,,,,,,,,,P81,91.666700,,,100.000000,87.500000,36.000000
"(2,1)","(2,1) SAME/DIFFERENT — Low band",2,1,subject_data,0.4–1,overall,,,,,,,,,,,,,,,,,P82,79.166700,,,66.666700,91.666700,48.000000
"(2,1)","(2,1) SAME/DIFFERENT — Low band",2,1,subject_data,0.6–1,overall,,,,,,,,,,,,,,,,,P82,52.083300,,,70.833300,33.333300,48.000000
"(2,1)","(2,1) SAME/DIFFERENT — Low band",2,1,subject_data,1–1.4,overall,,,,,,,,,,,,,,,,,P82,58.333300,,,70.833300,45.833300,48.000000
"(2,1)","(2,1) SAME/DIFFERENT — Low band",2,1,subject_data,1–2,overall,,,,,,,,,,,,,,,,,P82,77.083300,,,75.000000,79.166700,48.000000
"(2,1)","(2,1) SAME/DIFFERENT — Low band",2,1,subject_data,0.4–1,overall,,,,,,,,,,,,,,,,,P83,97.222200,,,91.666700,100.000000,36.000000
"(2,1)","(2,1) SAME/DIFFERENT — Low band",2,1,subject_data,0.6–1,overall,,,,,,,,,,,,,,,,,P83,58.333300,,,83.333300,45.833300,36.000000
"(2,1)","(2,1) SAME/DIFFERENT — Low band",2,1,subject_data,1–1.4,overall,,,,,,,,,,,,,,,,,P83,50.000000,,,91.666700,29.166700,36.000000
"(2,1)","(2,1) SAME/DIFFERENT — Low band",2,1,subject_data,1–2,overall,,,,,,,,,,,,,,,,,P83,80.555600,,,41.666700,100.000000,36.000000
"(2,1)","(2,1) SAME/DIFFERENT — Low band",2,1,subject_data,0.4–1,overall,,,,,,,,,,,,,,,,,P84,69.444400,,,91.666700,58.333300,36.000000
"(2,1)","(2,1) SAME/DIFFERENT — Low band",2,1,subject_data,0.6–1,overall,,,,,,,,,,,,,,,,,P84,44.444400,,,58.333300,37.500000,36.000000
"(2,1)","(2,1) SAME/DIFFERENT — Low band",2,1,subject_data,1–1.4,overall,,,,,,,,,,,,,,,,,P84,47.222200,,,83.333300,29.166700,36.000000
"(2,1)","(2,1) SAME/DIFFERENT — Low band",2,1,subject_data,1–2,overall,,,,,,,,,,,,,,,,,P84,50.000000,,,66.666700,41.666700,36.000000
"(2,1)","(2,1) SAME/DIFFERENT — Low band",2,1,subject_data,0.4–1,overall,,,,,,,,,,,,,,,,,P85,63.888900,,,66.666700,62.500000,36.000000
"(2,1)","(2,1) SAME/DIFFERENT — Low band",2,1,subject_data,0.6–1,overall,,,,,,,,,,,,,,,,,P85,50.000000,,,75.000000,37.500000,36.000000
"(2,1)","(2,1) SAME/DIFFERENT — Low band",2,1,subject_data,1–1.4,overall,,,,,,,,,,,,,,,,,P85,58.333300,,,83.333300,45.833300,36.000000
"(2,1)","(2,1) SAME/DIFFERENT — Low band",2,1,subject_data,1–2,overall,,,,,,,,,,,,,,,,,P85,77.777800,,,91.666700,70.833300,36.000000
"(2,1)","(2,1) SAME/DIFFERENT — Low band",2,1,subject_data,0.4–1,overall,,,,,,,,,,,,,,,,,P86,61.111100,,,75.000000,54.166700,36.000000
"(2,1)","(2,1) SAME/DIFFERENT — Low band",2,1,subject_data,0.6–1,overall,,,,,,,,,,,,,,,,,P86,44.444400,,,41.666700,45.833300,36.000000
"(2,1)","(2,1) SAME/DIFFERENT — Low band",2,1,subject_data,1–1.4,overall,,,,,,,,,,,,,,,,,P86,55.555600,,,50.000000,58.333300,36.000000
"(2,1)","(2,1) SAME/DIFFERENT — Low band",2,1,subject_data,1–2,overall,,,,,,,,,,,,,,,,,P86,72.222200,,,58.333300,79.166700,36.000000
"(2,1)","(2,1) SAME/DIFFERENT — Low band",2,1,subject_data,0.4–1,overall,,,,,,,,,,,,,,,,,P87,58.333300,,,100.000000,37.500000,36.000000
"(2,1)","(2,1) SAME/DIFFERENT — Low band",2,1,subject_data,0.6–1,overall,,,,,,,,,,,,,,,,,P87,44.444400,,,66.666700,33.333300,36.000000
"(2,1)","(2,1) SAME/DIFFERENT — Low band",2,1,subject_data,1–1.4,overall,,,,,,,,,,,,,,,,,P87,44.444400,,,75.000000,29.166700,36.000000
"(2,1)","(2,1) SAME/DIFFERENT — Low band",2,1,subject_data,1–2,overall,,,,,,,,,,,,,,,,,P87,66.666700,,,75.000000,62.500000,36.000000
"(2,1)","(2,1) SAME/DIFFERENT — Low band",2,1,subject_data,0.4–1,overall,,,,,,,,,,,,,,,,,P88,61.111100,,,75.000000,54.166700,36.000000
"(2,1)","(2,1) SAME/DIFFERENT — Low band",2,1,subject_data,0.6–1,overall,,,,,,,,,,,,,,,,,P88,55.555600,,,83.333300,41.666700,36.000000
"(2,1)","(2,1) SAME/DIFFERENT — Low band",2,1,subject_data,1–1.4,overall,,,,,,,,,,,,,,,,,P88,58.333300,,,50.000000,62.500000,36.000000
"(2,1)","(2,1) SAME/DIFFERENT — Low band",2,1,subject_data,1–2,overall,,,,,,,,,,,,,,,,,P88,63.888900,,,75.000000,58.333300,36.000000
"(2,1)","(2,1) SAME/DIFFERENT — Low band",2,1,subject_data,0.4–1,overall,,,,,,,,,,,,,,,,,P89,77.777800,,,75.000000,79.166700,36.000000
"(2,1)","(2,1) SAME/DIFFERENT — Low band",2,1,subject_data,0.6–1,overall,,,,,,,,,,,,,,,,,P89,58.333300,,,58.333300,58.333300,36.000000
"(2,1)","(2,1) SAME/DIFFERENT — Low band",2,1,subject_data,1–1.4,overall,,,,,,,,,,,,,,,,,P89,66.666700,,,75.000000,62.500000,36.000000
"(2,1)","(2,1) SAME/DIFFERENT — Low band",2,1,subject_data,1–2,overall,,,,,,,,,,,,,,,,,P89,75.000000,,,66.666700,79.166700,36.000000
"(2,1)","(2,1) SAME/DIFFERENT — Low band",2,1,subject_data,0.4–1,overall,,,,,,,,,,,,,,,,,P90,52.777800,,,66.666700,45.833300,36.000000
"(2,1)","(2,1) SAME/DIFFERENT — Low band",2,1,subject_data,0.6–1,overall,,,,,,,,,,,,,,,,,P90,63.888900,,,75.000000,58.333300,36.000000
"(2,1)","(2,1) SAME/DIFFERENT — Low band",2,1,subject_data,1–1.4,overall,,,,,,,,,,,,,,,,,P90,52.777800,,,83.333300,37.500000,36.000000
"(2,1)","(2,1) SAME/DIFFERENT — Low band",2,1,subject_data,1–2,overall,,,,,,,,,,,,,,,,,P90,75.000000,,,75.000000,75.000000,36.000000
"(2,2)","(2,2) SAME/DIFFERENT — High band",2,2,descriptive,10–26,,15.000000,69.629600,7.233400,,72.222200,63.888900,75.000000,11.111100,58.333300,80.555600,,,,,,,,,80.000000,64.444400,,,
"(2,2)","(2,2) SAME/DIFFERENT — High band",2,2,descriptive,15–26,,15.000000,53.888900,10.004400,,50.000000,48.611100,62.500000,13.888900,33.333300,69.444400,,,,,,,,,82.222200,39.722200,,,
"(2,2)","(2,2) SAME/DIFFERENT — High band",2,2,descriptive,26–60,,15.000000,82.037000,7.032500,,83.333300,79.166700,86.111100,6.944400,72.222200,91.666700,,,,,,,,,83.888900,81.111100,,,
"(2,2)","(2,2) SAME/DIFFERENT — High band",2,2,inferential,10–26 vs 15–26,,,,,,,,,,,,,,"GEE (binomial, subject clustering)",15–26 − 10–26,0.000000,***,,,,,,,
"(2,2)","(2,2) SAME/DIFFERENT — High band",2,2,inferential,10–26 vs 26–60,,,,,,,,,,,,,,"GEE (binomial, subject clustering)",26–60 − 10–26,0.000014,***,,,,,,,
"(2,2)","(2,2) SAME/DIFFERENT — High band",2,2,inferential,15–26 vs 26–60,,,,,,,,,,,,,,"GEE (binomial, subject clustering)",26–60 − 15–26,0.000000,***,,,,,,,
"(2,2)","(2,2) SAME/DIFFERENT — High band",2,2,subject_data,10–26,overall,,,,,,,,,,,,,,,,,P76,77.777800,,,91.666700,70.833300,36.000000
"(2,2)","(2,2) SAME/DIFFERENT — High band",2,2,subject_data,15–26,overall,,,,,,,,,,,,,,,,,P76,69.444400,,,91.666700,58.333300,36.000000
"(2,2)","(2,2) SAME/DIFFERENT — High band",2,2,subject_data,26–60,overall,,,,,,,,,,,,,,,,,P76,83.333300,,,100.000000,75.000000,36.000000
"(2,2)","(2,2) SAME/DIFFERENT — High band",2,2,subject_data,10–26,overall,,,,,,,,,,,,,,,,,P77,61.111100,,,75.000000,54.166700,36.000000
"(2,2)","(2,2) SAME/DIFFERENT — High band",2,2,subject_data,15–26,overall,,,,,,,,,,,,,,,,,P77,50.000000,,,66.666700,41.666700,36.000000
"(2,2)","(2,2) SAME/DIFFERENT — High band",2,2,subject_data,26–60,overall,,,,,,,,,,,,,,,,,P77,86.111100,,,83.333300,87.500000,36.000000
"(2,2)","(2,2) SAME/DIFFERENT — High band",2,2,subject_data,10–26,overall,,,,,,,,,,,,,,,,,P78,61.111100,,,58.333300,62.500000,36.000000
"(2,2)","(2,2) SAME/DIFFERENT — High band",2,2,subject_data,15–26,overall,,,,,,,,,,,,,,,,,P78,47.222200,,,75.000000,33.333300,36.000000
"(2,2)","(2,2) SAME/DIFFERENT — High band",2,2,subject_data,26–60,overall,,,,,,,,,,,,,,,,,P78,88.888900,,,100.000000,83.333300,36.000000
"(2,2)","(2,2) SAME/DIFFERENT — High band",2,2,subject_data,10–26,overall,,,,,,,,,,,,,,,,,P79,63.888900,,,91.666700,50.000000,36.000000
"(2,2)","(2,2) SAME/DIFFERENT — High band",2,2,subject_data,15–26,overall,,,,,,,,,,,,,,,,,P79,63.888900,,,100.000000,45.833300,36.000000
"(2,2)","(2,2) SAME/DIFFERENT — High band",2,2,subject_data,26–60,overall,,,,,,,,,,,,,,,,,P79,83.333300,,,83.333300,83.333300,36.000000
"(2,2)","(2,2) SAME/DIFFERENT — High band",2,2,subject_data,10–26,overall,,,,,,,,,,,,,,,,,P80,80.555600,,,75.000000,83.333300,36.000000
"(2,2)","(2,2) SAME/DIFFERENT — High band",2,2,subject_data,15–26,overall,,,,,,,,,,,,,,,,,P80,50.000000,,,83.333300,33.333300,36.000000
"(2,2)","(2,2) SAME/DIFFERENT — High band",2,2,subject_data,26–60,overall,,,,,,,,,,,,,,,,,P80,83.333300,,,75.000000,87.500000,36.000000
"(2,2)","(2,2) SAME/DIFFERENT — High band",2,2,subject_data,10–26,overall,,,,,,,,,,,,,,,,,P81,77.777800,,,75.000000,79.166700,36.000000
"(2,2)","(2,2) SAME/DIFFERENT — High band",2,2,subject_data,15–26,overall,,,,,,,,,,,,,,,,,P81,55.555600,,,83.333300,41.666700,36.000000
"(2,2)","(2,2) SAME/DIFFERENT — High band",2,2,subject_data,26–60,overall,,,,,,,,,,,,,,,,,P81,80.555600,,,75.000000,83.333300,36.000000
"(2,2)","(2,2) SAME/DIFFERENT — High band",2,2,subject_data,10–26,overall,,,,,,,,,,,,,,,,,P82,72.222200,,,100.000000,58.333300,36.000000
"(2,2)","(2,2) SAME/DIFFERENT — High band",2,2,subject_data,15–26,overall,,,,,,,,,,,,,,,,,P82,41.666700,,,83.333300,20.833300,36.000000
"(2,2)","(2,2) SAME/DIFFERENT — High band",2,2,subject_data,26–60,overall,,,,,,,,,,,,,,,,,P82,66.666700,,,91.666700,54.166700,36.000000
"(2,2)","(2,2) SAME/DIFFERENT — High band",2,2,subject_data,10–26,overall,,,,,,,,,,,,,,,,,P83,75.000000,,,66.666700,79.166700,36.000000
"(2,2)","(2,2) SAME/DIFFERENT — High band",2,2,subject_data,15–26,overall,,,,,,,,,,,,,,,,,P83,50.000000,,,66.666700,41.666700,36.000000
"(2,2)","(2,2) SAME/DIFFERENT — High band",2,2,subject_data,26–60,overall,,,,,,,,,,,,,,,,,P83,91.666700,,,91.666700,91.666700,36.000000
"(2,2)","(2,2) SAME/DIFFERENT — High band",2,2,subject_data,10–26,overall,,,,,,,,,,,,,,,,,P84,75.000000,,,75.000000,75.000000,36.000000
"(2,2)","(2,2) SAME/DIFFERENT — High band",2,2,subject_data,15–26,overall,,,,,,,,,,,,,,,,,P84,66.666700,,,100.000000,50.000000,36.000000
"(2,2)","(2,2) SAME/DIFFERENT — High band",2,2,subject_data,26–60,overall,,,,,,,,,,,,,,,,,P84,86.111100,,,83.333300,87.500000,36.000000
"(2,2)","(2,2) SAME/DIFFERENT — High band",2,2,subject_data,10–26,overall,,,,,,,,,,,,,,,,,P85,58.333300,,,83.333300,45.833300,36.000000
"(2,2)","(2,2) SAME/DIFFERENT — High band",2,2,subject_data,15–26,overall,,,,,,,,,,,,,,,,,P85,33.333300,,,66.666700,16.666700,36.000000
"(2,2)","(2,2) SAME/DIFFERENT — High band",2,2,subject_data,26–60,overall,,,,,,,,,,,,,,,,,P85,88.888900,,,75.000000,95.833300,36.000000
"(2,2)","(2,2) SAME/DIFFERENT — High band",2,2,subject_data,10–26,overall,,,,,,,,,,,,,,,,,P86,63.888900,,,83.333300,54.166700,36.000000
"(2,2)","(2,2) SAME/DIFFERENT — High band",2,2,subject_data,15–26,overall,,,,,,,,,,,,,,,,,P86,61.111100,,,91.666700,45.833300,36.000000
"(2,2)","(2,2) SAME/DIFFERENT — High band",2,2,subject_data,26–60,overall,,,,,,,,,,,,,,,,,P86,83.333300,,,83.333300,83.333300,36.000000
"(2,2)","(2,2) SAME/DIFFERENT — High band",2,2,subject_data,10–26,overall,,,,,,,,,,,,,,,,,P87,72.222200,,,83.333300,66.666700,36.000000
"(2,2)","(2,2) SAME/DIFFERENT — High band",2,2,subject_data,15–26,overall,,,,,,,,,,,,,,,,,P87,50.000000,,,91.666700,29.166700,36.000000
"(2,2)","(2,2) SAME/DIFFERENT — High band",2,2,subject_data,26–60,overall,,,,,,,,,,,,,,,,,P87,86.111100,,,75.000000,91.666700,36.000000
"(2,2)","(2,2) SAME/DIFFERENT — High band",2,2,subject_data,10–26,overall,,,,,,,,,,,,,,,,,P88,63.888900,,,91.666700,50.000000,36.000000
"(2,2)","(2,2) SAME/DIFFERENT — High band",2,2,subject_data,15–26,overall,,,,,,,,,,,,,,,,,P88,58.333300,,,83.333300,45.833300,36.000000
"(2,2)","(2,2) SAME/DIFFERENT — High band",2,2,subject_data,26–60,overall,,,,,,,,,,,,,,,,,P88,77.777800,,,83.333300,75.000000,36.000000
"(2,2)","(2,2) SAME/DIFFERENT — High band",2,2,subject_data,10–26,overall,,,,,,,,,,,,,,,,,P89,75.000000,,,75.000000,75.000000,36.000000
"(2,2)","(2,2) SAME/DIFFERENT — High band",2,2,subject_data,15–26,overall,,,,,,,,,,,,,,,,,P89,47.222200,,,50.000000,45.833300,36.000000
"(2,2)","(2,2) SAME/DIFFERENT — High band",2,2,subject_data,26–60,overall,,,,,,,,,,,,,,,,,P89,72.222200,,,66.666700,75.000000,36.000000
"(2,2)","(2,2) SAME/DIFFERENT — High band",2,2,subject_data,10–26,overall,,,,,,,,,,,,,,,,,P90,66.666700,,,75.000000,62.500000,36.000000
"(2,2)","(2,2) SAME/DIFFERENT — High band",2,2,subject_data,15–26,overall,,,,,,,,,,,,,,,,,P90,63.888900,,,100.000000,45.833300,36.000000
"(2,2)","(2,2) SAME/DIFFERENT — High band",2,2,subject_data,26–60,overall,,,,,,,,,,,,,,,,,P90,72.222200,,,91.666700,62.500000,36.000000
"(3,1)","(3,1) On-nail vs Off-nail — Low band",3,1,descriptive,0.4–1,On-nail,15.000000,65.000000,16.122100,,58.333300,54.166700,75.000000,20.833300,41.666700,100.000000,,,,,,,,,,,,,
"(3,1)","(3,1) On-nail vs Off-nail — Low band",3,1,descriptive,0.4–1,Off-nail,15.000000,68.750000,16.685300,,66.666700,58.333300,78.125000,19.791700,41.666700,100.000000,,,,,,,,,,,,,
"(3,1)","(3,1) On-nail vs Off-nail — Low band",3,1,inferential,0.4–1,On-nail vs Off-nail,,,,,,,,,,,,,"GEE (binomial, subject clustering)",On-nail − Off-nail,0.269237,n.s.,,,,,,,
"(3,1)","(3,1) On-nail vs Off-nail — Low band",3,1,subject_data,0.4–1,On-nail,,,,,,,,,,,,,,,,,P76,58.333300,,,,,
"(3,1)","(3,1) On-nail vs Off-nail — Low band",3,1,subject_data,0.4–1,On-nail,,,,,,,,,,,,,,,,,P77,75.000000,,,,,
"(3,1)","(3,1) On-nail vs Off-nail — Low band",3,1,subject_data,0.4–1,On-nail,,,,,,,,,,,,,,,,,P78,75.000000,,,,,
"(3,1)","(3,1) On-nail vs Off-nail — Low band",3,1,subject_data,0.4–1,On-nail,,,,,,,,,,,,,,,,,P79,58.333300,,,,,
"(3,1)","(3,1) On-nail vs Off-nail — Low band",3,1,subject_data,0.4–1,On-nail,,,,,,,,,,,,,,,,,P80,66.666700,,,,,
"(3,1)","(3,1) On-nail vs Off-nail — Low band",3,1,subject_data,0.4–1,On-nail,,,,,,,,,,,,,,,,,P81,91.666700,,,,,
"(3,1)","(3,1) On-nail vs Off-nail — Low band",3,1,subject_data,0.4–1,On-nail,,,,,,,,,,,,,,,,,P82,75.000000,,,,,
"(3,1)","(3,1) On-nail vs Off-nail — Low band",3,1,subject_data,0.4–1,On-nail,,,,,,,,,,,,,,,,,P83,100.000000,,,,,
"(3,1)","(3,1) On-nail vs Off-nail — Low band",3,1,subject_data,0.4–1,On-nail,,,,,,,,,,,,,,,,,P84,50.000000,,,,,
"(3,1)","(3,1) On-nail vs Off-nail — Low band",3,1,subject_data,0.4–1,On-nail,,,,,,,,,,,,,,,,,P85,50.000000,,,,,
"(3,1)","(3,1) On-nail vs Off-nail — Low band",3,1,subject_data,0.4–1,On-nail,,,,,,,,,,,,,,,,,P86,66.666700,,,,,
"(3,1)","(3,1) On-nail vs Off-nail — Low band",3,1,subject_data,0.4–1,On-nail,,,,,,,,,,,,,,,,,P87,50.000000,,,,,
"(3,1)","(3,1) On-nail vs Off-nail — Low band",3,1,subject_data,0.4–1,On-nail,,,,,,,,,,,,,,,,,P88,58.333300,,,,,
"(3,1)","(3,1) On-nail vs Off-nail — Low band",3,1,subject_data,0.4–1,On-nail,,,,,,,,,,,,,,,,,P89,58.333300,,,,,
"(3,1)","(3,1) On-nail vs Off-nail — Low band",3,1,subject_data,0.4–1,On-nail,,,,,,,,,,,,,,,,,P90,41.666700,,,,,
"(3,1)","(3,1) On-nail vs Off-nail — Low band",3,1,subject_data,0.4–1,Off-nail,,,,,,,,,,,,,,,,,P76,58.333300,,,,,
"(3,1)","(3,1) On-nail vs Off-nail — Low band",3,1,subject_data,0.4–1,Off-nail,,,,,,,,,,,,,,,,,P77,58.333300,,,,,
"(3,1)","(3,1) On-nail vs Off-nail — Low band",3,1,subject_data,0.4–1,Off-nail,,,,,,,,,,,,,,,,,P78,100.000000,,,,,
"(3,1)","(3,1) On-nail vs Off-nail — Low band",3,1,subject_data,0.4–1,Off-nail,,,,,,,,,,,,,,,,,P79,41.666700,,,,,
"(3,1)","(3,1) On-nail vs Off-nail — Low band",3,1,subject_data,0.4–1,Off-nail,,,,,,,,,,,,,,,,,P80,58.333300,,,,,
"(3,1)","(3,1) On-nail vs Off-nail — Low band",3,1,subject_data,0.4–1,Off-nail,,,,,,,,,,,,,,,,,P81,91.666700,,,,,
"(3,1)","(3,1) On-nail vs Off-nail — Low band",3,1,subject_data,0.4–1,Off-nail,,,,,,,,,,,,,,,,,P82,81.250000,,,,,
"(3,1)","(3,1) On-nail vs Off-nail — Low band",3,1,subject_data,0.4–1,Off-nail,,,,,,,,,,,,,,,,,P83,91.666700,,,,,
"(3,1)","(3,1) On-nail vs Off-nail — Low band",3,1,subject_data,0.4–1,Off-nail,,,,,,,,,,,,,,,,,P84,75.000000,,,,,
"(3,1)","(3,1) On-nail vs Off-nail — Low band",3,1,subject_data,0.4–1,Off-nail,,,,,,,,,,,,,,,,,P85,66.666700,,,,,
"(3,1)","(3,1) On-nail vs Off-nail — Low band",3,1,subject_data,0.4–1,Off-nail,,,,,,,,,,,,,,,,,P86,58.333300,,,,,
"(3,1)","(3,1) On-nail vs Off-nail — Low band",3,1,subject_data,0.4–1,Off-nail,,,,,,,,,,,,,,,,,P87,66.666700,,,,,
"(3,1)","(3,1) On-nail vs Off-nail — Low band",3,1,subject_data,0.4–1,Off-nail,,,,,,,,,,,,,,,,,P88,58.333300,,,,,
"(3,1)","(3,1) On-nail vs Off-nail — Low band",3,1,subject_data,0.4–1,Off-nail,,,,,,,,,,,,,,,,,P89,75.000000,,,,,
"(3,1)","(3,1) On-nail vs Off-nail — Low band",3,1,subject_data,0.4–1,Off-nail,,,,,,,,,,,,,,,,,P90,50.000000,,,,,
"(3,1)","(3,1) On-nail vs Off-nail — Low band",3,1,descriptive,0.6–1,On-nail,15.000000,51.666700,11.443400,,50.000000,41.666700,58.333300,16.666700,33.333300,75.000000,,,,,,,,,,,,,
"(3,1)","(3,1) On-nail vs Off-nail — Low band",3,1,descriptive,0.6–1,Off-nail,15.000000,53.611100,13.443200,,50.000000,45.833300,60.416700,14.583300,33.333300,66.666700,,,,,,,,,,,,,
"(3,1)","(3,1) On-nail vs Off-nail — Low band",3,1,inferential,0.6–1,On-nail vs Off-nail,,,,,,,,,,,,,"GEE (binomial, subject clustering)",On-nail − Off-nail,0.690263,n.s.,,,,,,,
"(3,1)","(3,1) On-nail vs Off-nail — Low band",3,1,subject_data,0.6–1,On-nail,,,,,,,,,,,,,,,,,P76,41.666700,,,,,
"(3,1)","(3,1) On-nail vs Off-nail — Low band",3,1,subject_data,0.6–1,On-nail,,,,,,,,,,,,,,,,,P77,58.333300,,,,,
"(3,1)","(3,1) On-nail vs Off-nail — Low band",3,1,subject_data,0.6–1,On-nail,,,,,,,,,,,,,,,,,P78,75.000000,,,,,
"(3,1)","(3,1) On-nail vs Off-nail — Low band",3,1,subject_data,0.6–1,On-nail,,,,,,,,,,,,,,,,,P79,50.000000,,,,,
"(3,1)","(3,1) On-nail vs Off-nail — Low band",3,1,subject_data,0.6–1,On-nail,,,,,,,,,,,,,,,,,P80,41.666700,,,,,
"(3,1)","(3,1) On-nail vs Off-nail — Low band",3,1,subject_data,0.6–1,On-nail,,,,,,,,,,,,,,,,,P81,50.000000,,,,,
"(3,1)","(3,1) On-nail vs Off-nail — Low band",3,1,subject_data,0.6–1,On-nail,,,,,,,,,,,,,,,,,P82,50.000000,,,,,
"(3,1)","(3,1) On-nail vs Off-nail — Low band",3,1,subject_data,0.6–1,On-nail,,,,,,,,,,,,,,,,,P83,66.666700,,,,,
"(3,1)","(3,1) On-nail vs Off-nail — Low band",3,1,subject_data,0.6–1,On-nail,,,,,,,,,,,,,,,,,P84,66.666700,,,,,
"(3,1)","(3,1) On-nail vs Off-nail — Low band",3,1,subject_data,0.6–1,On-nail,,,,,,,,,,,,,,,,,P85,50.000000,,,,,
"(3,1)","(3,1) On-nail vs Off-nail — Low band",3,1,subject_data,0.6–1,On-nail,,,,,,,,,,,,,,,,,P86,58.333300,,,,,
"(3,1)","(3,1) On-nail vs Off-nail — Low band",3,1,subject_data,0.6–1,On-nail,,,,,,,,,,,,,,,,,P87,41.666700,,,,,
"(3,1)","(3,1) On-nail vs Off-nail — Low band",3,1,subject_data,0.6–1,On-nail,,,,,,,,,,,,,,,,,P88,41.666700,,,,,
"(3,1)","(3,1) On-nail vs Off-nail — Low band",3,1,subject_data,0.6–1,On-nail,,,,,,,,,,,,,,,,,P89,50.000000,,,,,
"(3,1)","(3,1) On-nail vs Off-nail — Low band",3,1,subject_data,0.6–1,On-nail,,,,,,,,,,,,,,,,,P90,33.333300,,,,,
"(3,1)","(3,1) On-nail vs Off-nail — Low band",3,1,subject_data,0.6–1,Off-nail,,,,,,,,,,,,,,,,,P76,58.333300,,,,,
"(3,1)","(3,1) On-nail vs Off-nail — Low band",3,1,subject_data,0.6–1,Off-nail,,,,,,,,,,,,,,,,,P77,41.666700,,,,,
"(3,1)","(3,1) On-nail vs Off-nail — Low band",3,1,subject_data,0.6–1,Off-nail,,,,,,,,,,,,,,,,,P78,33.333300,,,,,
"(3,1)","(3,1) On-nail vs Off-nail — Low band",3,1,subject_data,0.6–1,Off-nail,,,,,,,,,,,,,,,,,P79,50.000000,,,,,
"(3,1)","(3,1) On-nail vs Off-nail — Low band",3,1,subject_data,0.6–1,Off-nail,,,,,,,,,,,,,,,,,P80,58.333300,,,,,
"(3,1)","(3,1) On-nail vs Off-nail — Low band",3,1,subject_data,0.6–1,Off-nail,,,,,,,,,,,,,,,,,P81,50.000000,,,,,
"(3,1)","(3,1) On-nail vs Off-nail — Low band",3,1,subject_data,0.6–1,Off-nail,,,,,,,,,,,,,,,,,P82,62.500000,,,,,
"(3,1)","(3,1) On-nail vs Off-nail — Low band",3,1,subject_data,0.6–1,Off-nail,,,,,,,,,,,,,,,,,P83,66.666700,,,,,
"(3,1)","(3,1) On-nail vs Off-nail — Low band",3,1,subject_data,0.6–1,Off-nail,,,,,,,,,,,,,,,,,P84,33.333300,,,,,
"(3,1)","(3,1) On-nail vs Off-nail — Low band",3,1,subject_data,0.6–1,Off-nail,,,,,,,,,,,,,,,,,P85,50.000000,,,,,
"(3,1)","(3,1) On-nail vs Off-nail — Low band",3,1,subject_data,0.6–1,Off-nail,,,,,,,,,,,,,,,,,P86,58.333300,,,,,
"(3,1)","(3,1) On-nail vs Off-nail — Low band",3,1,subject_data,0.6–1,Off-nail,,,,,,,,,,,,,,,,,P87,41.666700,,,,,
"(3,1)","(3,1) On-nail vs Off-nail — Low band",3,1,subject_data,0.6–1,Off-nail,,,,,,,,,,,,,,,,,P88,66.666700,,,,,
"(3,1)","(3,1) On-nail vs Off-nail — Low band",3,1,subject_data,0.6–1,Off-nail,,,,,,,,,,,,,,,,,P89,50.000000,,,,,
"(3,1)","(3,1) On-nail vs Off-nail — Low band",3,1,subject_data,0.6–1,Off-nail,,,,,,,,,,,,,,,,,P90,83.333300,,,,,
"(3,1)","(3,1) On-nail vs Off-nail — Low band",3,1,descriptive,1–1.4,On-nail,15.000000,51.250000,17.139900,,50.000000,37.500000,66.666700,29.166700,25.000000,83.333300,,,,,,,,,,,,,
"(3,1)","(3,1) On-nail vs Off-nail — Low band",3,1,descriptive,1–1.4,Off-nail,15.000000,49.027800,18.210900,,58.333300,33.333300,66.666700,33.333300,16.666700,68.750000,,,,,,,,,,,,,
"(3,1)","(3,1) On-nail vs Off-nail — Low band",3,1,inferential,1–1.4,On-nail vs Off-nail,,,,,,,,,,,,,"GEE (binomial, subject clustering)",On-nail − Off-nail,0.797711,n.s.,,,,,,,
"(3,1)","(3,1) On-nail vs Off-nail — Low band",3,1,subject_data,1–1.4,On-nail,,,,,,,,,,,,,,,,,P76,83.333300,,,,,
"(3,1)","(3,1) On-nail vs Off-nail — Low band",3,1,subject_data,1–1.4,On-nail,,,,,,,,,,,,,,,,,P77,50.000000,,,,,
"(3,1)","(3,1) On-nail vs Off-nail — Low band",3,1,subject_data,1–1.4,On-nail,,,,,,,,,,,,,,,,,P78,50.000000,,,,,
"(3,1)","(3,1) On-nail vs Off-nail — Low band",3,1,subject_data,1–1.4,On-nail,,,,,,,,,,,,,,,,,P79,25.000000,,,,,
"(3,1)","(3,1) On-nail vs Off-nail — Low band",3,1,subject_data,1–1.4,On-nail,,,,,,,,,,,,,,,,,P80,50.000000,,,,,
"(3,1)","(3,1) On-nail vs Off-nail — Low band",3,1,subject_data,1–1.4,On-nail,,,,,,,,,,,,,,,,,P81,33.333300,,,,,
"(3,1)","(3,1) On-nail vs Off-nail — Low band",3,1,subject_data,1–1.4,On-nail,,,,,,,,,,,,,,,,,P82,43.750000,,,,,
"(3,1)","(3,1) On-nail vs Off-nail — Low band",3,1,subject_data,1–1.4,On-nail,,,,,,,,,,,,,,,,,P83,66.666700,,,,,
"(3,1)","(3,1) On-nail vs Off-nail — Low band",3,1,subject_data,1–1.4,On-nail,,,,,,,,,,,,,,,,,P84,33.333300,,,,,
"(3,1)","(3,1) On-nail vs Off-nail — Low band",3,1,subject_data,1–1.4,On-nail,,,,,,,,,,,,,,,,,P85,41.666700,,,,,
"(3,1)","(3,1) On-nail vs Off-nail — Low band",3,1,subject_data,1–1.4,On-nail,,,,,,,,,,,,,,,,,P86,50.000000,,,,,
"(3,1)","(3,1) On-nail vs Off-nail — Low band",3,1,subject_data,1–1.4,On-nail,,,,,,,,,,,,,,,,,P87,66.666700,,,,,
"(3,1)","(3,1) On-nail vs Off-nail — Low band",3,1,subject_data,1–1.4,On-nail,,,,,,,,,,,,,,,,,P88,66.666700,,,,,
"(3,1)","(3,1) On-nail vs Off-nail — Low band",3,1,subject_data,1–1.4,On-nail,,,,,,,,,,,,,,,,,P89,75.000000,,,,,
"(3,1)","(3,1) On-nail vs Off-nail — Low band",3,1,subject_data,1–1.4,On-nail,,,,,,,,,,,,,,,,,P90,33.333300,,,,,
"(3,1)","(3,1) On-nail vs Off-nail — Low band",3,1,subject_data,1–1.4,Off-nail,,,,,,,,,,,,,,,,,P76,41.666700,,,,,
"(3,1)","(3,1) On-nail vs Off-nail — Low band",3,1,subject_data,1–1.4,Off-nail,,,,,,,,,,,,,,,,,P77,66.666700,,,,,
"(3,1)","(3,1) On-nail vs Off-nail — Low band",3,1,subject_data,1–1.4,Off-nail,,,,,,,,,,,,,,,,,P78,66.666700,,,,,
"(3,1)","(3,1) On-nail vs Off-nail — Low band",3,1,subject_data,1–1.4,Off-nail,,,,,,,,,,,,,,,,,P79,25.000000,,,,,
"(3,1)","(3,1) On-nail vs Off-nail — Low band",3,1,subject_data,1–1.4,Off-nail,,,,,,,,,,,,,,,,,P80,16.666700,,,,,
"(3,1)","(3,1) On-nail vs Off-nail — Low band",3,1,subject_data,1–1.4,Off-nail,,,,,,,,,,,,,,,,,P81,25.000000,,,,,
"(3,1)","(3,1) On-nail vs Off-nail — Low band",3,1,subject_data,1–1.4,Off-nail,,,,,,,,,,,,,,,,,P82,68.750000,,,,,
"(3,1)","(3,1) On-nail vs Off-nail — Low band",3,1,subject_data,1–1.4,Off-nail,,,,,,,,,,,,,,,,,P83,33.333300,,,,,
"(3,1)","(3,1) On-nail vs Off-nail — Low band",3,1,subject_data,1–1.4,Off-nail,,,,,,,,,,,,,,,,,P84,66.666700,,,,,
"(3,1)","(3,1) On-nail vs Off-nail — Low band",3,1,subject_data,1–1.4,Off-nail,,,,,,,,,,,,,,,,,P85,66.666700,,,,,
"(3,1)","(3,1) On-nail vs Off-nail — Low band",3,1,subject_data,1–1.4,Off-nail,,,,,,,,,,,,,,,,,P86,50.000000,,,,,
"(3,1)","(3,1) On-nail vs Off-nail — Low band",3,1,subject_data,1–1.4,Off-nail,,,,,,,,,,,,,,,,,P87,33.333300,,,,,
"(3,1)","(3,1) On-nail vs Off-nail — Low band",3,1,subject_data,1–1.4,Off-nail,,,,,,,,,,,,,,,,,P88,58.333300,,,,,
"(3,1)","(3,1) On-nail vs Off-nail — Low band",3,1,subject_data,1–1.4,Off-nail,,,,,,,,,,,,,,,,,P89,58.333300,,,,,
"(3,1)","(3,1) On-nail vs Off-nail — Low band",3,1,subject_data,1–1.4,Off-nail,,,,,,,,,,,,,,,,,P90,58.333300,,,,,
"(3,1)","(3,1) On-nail vs Off-nail — Low band",3,1,descriptive,1–2,On-nail,15.000000,70.833300,11.889900,,66.666700,66.666700,79.166700,12.500000,50.000000,91.666700,,,,,,,,,,,,,
"(3,1)","(3,1) On-nail vs Off-nail — Low band",3,1,descriptive,1–2,Off-nail,15.000000,76.805600,18.813800,,83.333300,70.833300,87.500000,16.666700,58.333300,100.000000,,,,,,,,,,,,,
"(3,1)","(3,1) On-nail vs Off-nail — Low band",3,1,inferential,1–2,On-nail vs Off-nail,,,,,,,,,,,,,"GEE (binomial, subject clustering)",On-nail − Off-nail,0.252795,n.s.,,,,,,,
"(3,1)","(3,1) On-nail vs Off-nail — Low band",3,1,subject_data,1–2,On-nail,,,,,,,,,,,,,,,,,P76,91.666700,,,,,
"(3,1)","(3,1) On-nail vs Off-nail — Low band",3,1,subject_data,1–2,On-nail,,,,,,,,,,,,,,,,,P77,66.666700,,,,,
"(3,1)","(3,1) On-nail vs Off-nail — Low band",3,1,subject_data,1–2,On-nail,,,,,,,,,,,,,,,,,P78,66.666700,,,,,
"(3,1)","(3,1) On-nail vs Off-nail — Low band",3,1,subject_data,1–2,On-nail,,,,,,,,,,,,,,,,,P79,66.666700,,,,,
"(3,1)","(3,1) On-nail vs Off-nail — Low band",3,1,subject_data,1–2,On-nail,,,,,,,,,,,,,,,,,P80,66.666700,,,,,
"(3,1)","(3,1) On-nail vs Off-nail — Low band",3,1,subject_data,1–2,On-nail,,,,,,,,,,,,,,,,,P81,91.666700,,,,,
"(3,1)","(3,1) On-nail vs Off-nail — Low band",3,1,subject_data,1–2,On-nail,,,,,,,,,,,,,,,,,P82,62.500000,,,,,
"(3,1)","(3,1) On-nail vs Off-nail — Low band",3,1,subject_data,1–2,On-nail,,,,,,,,,,,,,,,,,P83,75.000000,,,,,
"(3,1)","(3,1) On-nail vs Off-nail — Low band",3,1,subject_data,1–2,On-nail,,,,,,,,,,,,,,,,,P84,66.666700,,,,,
"(3,1)","(3,1) On-nail vs Off-nail — Low band",3,1,subject_data,1–2,On-nail,,,,,,,,,,,,,,,,,P85,66.666700,,,,,
"(3,1)","(3,1) On-nail vs Off-nail — Low band",3,1,subject_data,1–2,On-nail,,,,,,,,,,,,,,,,,P86,83.333300,,,,,
"(3,1)","(3,1) On-nail vs Off-nail — Low band",3,1,subject_data,1–2,On-nail,,,,,,,,,,,,,,,,,P87,58.333300,,,,,
"(3,1)","(3,1) On-nail vs Off-nail — Low band",3,1,subject_data,1–2,On-nail,,,,,,,,,,,,,,,,,P88,66.666700,,,,,
"(3,1)","(3,1) On-nail vs Off-nail — Low band",3,1,subject_data,1–2,On-nail,,,,,,,,,,,,,,,,,P89,83.333300,,,,,
"(3,1)","(3,1) On-nail vs Off-nail — Low band",3,1,subject_data,1–2,On-nail,,,,,,,,,,,,,,,,,P90,50.000000,,,,,
"(3,1)","(3,1) On-nail vs Off-nail — Low band",3,1,subject_data,1–2,Off-nail,,,,,,,,,,,,,,,,,P76,83.333300,,,,,
"(3,1)","(3,1) On-nail vs Off-nail — Low band",3,1,subject_data,1–2,Off-nail,,,,,,,,,,,,,,,,,P77,58.333300,,,,,
"(3,1)","(3,1) On-nail vs Off-nail — Low band",3,1,subject_data,1–2,Off-nail,,,,,,,,,,,,,,,,,P78,83.333300,,,,,
"(3,1)","(3,1) On-nail vs Off-nail — Low band",3,1,subject_data,1–2,Off-nail,,,,,,,,,,,,,,,,,P79,83.333300,,,,,
"(3,1)","(3,1) On-nail vs Off-nail — Low band",3,1,subject_data,1–2,Off-nail,,,,,,,,,,,,,,,,,P80,66.666700,,,,,
"(3,1)","(3,1) On-nail vs Off-nail — Low band",3,1,subject_data,1–2,Off-nail,,,,,,,,,,,,,,,,,P81,91.666700,,,,,
"(3,1)","(3,1) On-nail vs Off-nail — Low band",3,1,subject_data,1–2,Off-nail,,,,,,,,,,,,,,,,,P82,93.750000,,,,,
"(3,1)","(3,1) On-nail vs Off-nail — Low band",3,1,subject_data,1–2,Off-nail,,,,,,,,,,,,,,,,,P83,75.000000,,,,,
"(3,1)","(3,1) On-nail vs Off-nail — Low band",3,1,subject_data,1–2,Off-nail,,,,,,,,,,,,,,,,,P84,25.000000,,,,,
"(3,1)","(3,1) On-nail vs Off-nail — Low band",3,1,subject_data,1–2,Off-nail,,,,,,,,,,,,,,,,,P85,100.000000,,,,,
"(3,1)","(3,1) On-nail vs Off-nail — Low band",3,1,subject_data,1–2,Off-nail,,,,,,,,,,,,,,,,,P86,91.666700,,,,,
"(3,1)","(3,1) On-nail vs Off-nail — Low band",3,1,subject_data,1–2,Off-nail,,,,,,,,,,,,,,,,,P87,83.333300,,,,,
"(3,1)","(3,1) On-nail vs Off-nail — Low band",3,1,subject_data,1–2,Off-nail,,,,,,,,,,,,,,,,,P88,75.000000,,,,,
"(3,1)","(3,1) On-nail vs Off-nail — Low band",3,1,subject_data,1–2,Off-nail,,,,,,,,,,,,,,,,,P89,58.333300,,,,,
"(3,1)","(3,1) On-nail vs Off-nail — Low band",3,1,subject_data,1–2,Off-nail,,,,,,,,,,,,,,,,,P90,83.333300,,,,,
"(3,2)","(3,2) On-nail vs Off-nail — High band",3,2,descriptive,10–26,On-nail,15.000000,67.777800,12.935500,,75.000000,54.166700,75.000000,20.833300,50.000000,83.333300,,,,,,,,,,,,,
"(3,2)","(3,2) On-nail vs Off-nail — High band",3,2,descriptive,10–26,Off-nail,15.000000,68.888900,10.665700,,75.000000,62.500000,75.000000,12.500000,50.000000,83.333300,,,,,,,,,,,,,
"(3,2)","(3,2) On-nail vs Off-nail — High band",3,2,inferential,10–26,On-nail vs Off-nail,,,,,,,,,,,,,"GEE (binomial, subject clustering)",On-nail − Off-nail,0.780587,n.s.,,,,,,,
"(3,2)","(3,2) On-nail vs Off-nail — High band",3,2,subject_data,10–26,On-nail,,,,,,,,,,,,,,,,,P76,83.333300,,,,,
"(3,2)","(3,2) On-nail vs Off-nail — High band",3,2,subject_data,10–26,On-nail,,,,,,,,,,,,,,,,,P77,75.000000,,,,,
"(3,2)","(3,2) On-nail vs Off-nail — High band",3,2,subject_data,10–26,On-nail,,,,,,,,,,,,,,,,,P78,50.000000,,,,,
"(3,2)","(3,2) On-nail vs Off-nail — High band",3,2,subject_data,10–26,On-nail,,,,,,,,,,,,,,,,,P79,50.000000,,,,,
"(3,2)","(3,2) On-nail vs Off-nail — High band",3,2,subject_data,10–26,On-nail,,,,,,,,,,,,,,,,,P80,66.666700,,,,,
"(3,2)","(3,2) On-nail vs Off-nail — High band",3,2,subject_data,10–26,On-nail,,,,,,,,,,,,,,,,,P81,83.333300,,,,,
"(3,2)","(3,2) On-nail vs Off-nail — High band",3,2,subject_data,10–26,On-nail,,,,,,,,,,,,,,,,,P82,75.000000,,,,,
"(3,2)","(3,2) On-nail vs Off-nail — High band",3,2,subject_data,10–26,On-nail,,,,,,,,,,,,,,,,,P83,75.000000,,,,,
"(3,2)","(3,2) On-nail vs Off-nail — High band",3,2,subject_data,10–26,On-nail,,,,,,,,,,,,,,,,,P84,83.333300,,,,,
"(3,2)","(3,2) On-nail vs Off-nail — High band",3,2,subject_data,10–26,On-nail,,,,,,,,,,,,,,,,,P85,66.666700,,,,,
"(3,2)","(3,2) On-nail vs Off-nail — High band",3,2,subject_data,10–26,On-nail,,,,,,,,,,,,,,,,,P86,58.333300,,,,,
"(3,2)","(3,2) On-nail vs Off-nail — High band",3,2,subject_data,10–26,On-nail,,,,,,,,,,,,,,,,,P87,75.000000,,,,,
"(3,2)","(3,2) On-nail vs Off-nail — High band",3,2,subject_data,10–26,On-nail,,,,,,,,,,,,,,,,,P88,50.000000,,,,,
"(3,2)","(3,2) On-nail vs Off-nail — High band",3,2,subject_data,10–26,On-nail,,,,,,,,,,,,,,,,,P89,75.000000,,,,,
"(3,2)","(3,2) On-nail vs Off-nail — High band",3,2,subject_data,10–26,On-nail,,,,,,,,,,,,,,,,,P90,50.000000,,,,,
"(3,2)","(3,2) On-nail vs Off-nail — High band",3,2,subject_data,10–26,Off-nail,,,,,,,,,,,,,,,,,P76,75.000000,,,,,
"(3,2)","(3,2) On-nail vs Off-nail — High band",3,2,subject_data,10–26,Off-nail,,,,,,,,,,,,,,,,,P77,50.000000,,,,,
"(3,2)","(3,2) On-nail vs Off-nail — High band",3,2,subject_data,10–26,Off-nail,,,,,,,,,,,,,,,,,P78,66.666700,,,,,
"(3,2)","(3,2) On-nail vs Off-nail — High band",3,2,subject_data,10–26,Off-nail,,,,,,,,,,,,,,,,,P79,66.666700,,,,,
"(3,2)","(3,2) On-nail vs Off-nail — High band",3,2,subject_data,10–26,Off-nail,,,,,,,,,,,,,,,,,P80,83.333300,,,,,
"(3,2)","(3,2) On-nail vs Off-nail — High band",3,2,subject_data,10–26,Off-nail,,,,,,,,,,,,,,,,,P81,83.333300,,,,,
"(3,2)","(3,2) On-nail vs Off-nail — High band",3,2,subject_data,10–26,Off-nail,,,,,,,,,,,,,,,,,P82,75.000000,,,,,
"(3,2)","(3,2) On-nail vs Off-nail — High band",3,2,subject_data,10–26,Off-nail,,,,,,,,,,,,,,,,,P83,75.000000,,,,,
"(3,2)","(3,2) On-nail vs Off-nail — High band",3,2,subject_data,10–26,Off-nail,,,,,,,,,,,,,,,,,P84,66.666700,,,,,
"(3,2)","(3,2) On-nail vs Off-nail — High band",3,2,subject_data,10–26,Off-nail,,,,,,,,,,,,,,,,,P85,50.000000,,,,,
"(3,2)","(3,2) On-nail vs Off-nail — High band",3,2,subject_data,10–26,Off-nail,,,,,,,,,,,,,,,,,P86,58.333300,,,,,
"(3,2)","(3,2) On-nail vs Off-nail — High band",3,2,subject_data,10–26,Off-nail,,,,,,,,,,,,,,,,,P87,58.333300,,,,,
"(3,2)","(3,2) On-nail vs Off-nail — High band",3,2,subject_data,10–26,Off-nail,,,,,,,,,,,,,,,,,P88,75.000000,,,,,
"(3,2)","(3,2) On-nail vs Off-nail — High band",3,2,subject_data,10–26,Off-nail,,,,,,,,,,,,,,,,,P89,75.000000,,,,,
"(3,2)","(3,2) On-nail vs Off-nail — High band",3,2,subject_data,10–26,Off-nail,,,,,,,,,,,,,,,,,P90,75.000000,,,,,
"(3,2)","(3,2) On-nail vs Off-nail — High band",3,2,descriptive,15–26,On-nail,15.000000,49.444400,14.593300,,50.000000,41.666700,58.333300,16.666700,25.000000,66.666700,,,,,,,,,,,,,
"(3,2)","(3,2) On-nail vs Off-nail — High band",3,2,descriptive,15–26,Off-nail,15.000000,57.777800,15.579600,,58.333300,45.833300,66.666700,20.833300,33.333300,83.333300,,,,,,,,,,,,,
"(3,2)","(3,2) On-nail vs Off-nail — High band",3,2,inferential,15–26,On-nail vs Off-nail,,,,,,,,,,,,,"GEE (binomial, subject clustering)",On-nail − Off-nail,0.050295,n.s.,,,,,,,
"(3,2)","(3,2) On-nail vs Off-nail — High band",3,2,subject_data,15–26,On-nail,,,,,,,,,,,,,,,,,P76,58.333300,,,,,
"(3,2)","(3,2) On-nail vs Off-nail — High band",3,2,subject_data,15–26,On-nail,,,,,,,,,,,,,,,,,P77,25.000000,,,,,
"(3,2)","(3,2) On-nail vs Off-nail — High band",3,2,subject_data,15–26,On-nail,,,,,,,,,,,,,,,,,P78,58.333300,,,,,
"(3,2)","(3,2) On-nail vs Off-nail — High band",3,2,subject_data,15–26,On-nail,,,,,,,,,,,,,,,,,P79,58.333300,,,,,
"(3,2)","(3,2) On-nail vs Off-nail — High band",3,2,subject_data,15–26,On-nail,,,,,,,,,,,,,,,,,P80,41.666700,,,,,
"(3,2)","(3,2) On-nail vs Off-nail — High band",3,2,subject_data,15–26,On-nail,,,,,,,,,,,,,,,,,P81,41.666700,,,,,
"(3,2)","(3,2) On-nail vs Off-nail — High band",3,2,subject_data,15–26,On-nail,,,,,,,,,,,,,,,,,P82,50.000000,,,,,
"(3,2)","(3,2) On-nail vs Off-nail — High band",3,2,subject_data,15–26,On-nail,,,,,,,,,,,,,,,,,P83,41.666700,,,,,
"(3,2)","(3,2) On-nail vs Off-nail — High band",3,2,subject_data,15–26,On-nail,,,,,,,,,,,,,,,,,P84,50.000000,,,,,
"(3,2)","(3,2) On-nail vs Off-nail — High band",3,2,subject_data,15–26,On-nail,,,,,,,,,,,,,,,,,P85,16.666700,,,,,
"(3,2)","(3,2) On-nail vs Off-nail — High band",3,2,subject_data,15–26,On-nail,,,,,,,,,,,,,,,,,P86,66.666700,,,,,
"(3,2)","(3,2) On-nail vs Off-nail — High band",3,2,subject_data,15–26,On-nail,,,,,,,,,,,,,,,,,P87,50.000000,,,,,
"(3,2)","(3,2) On-nail vs Off-nail — High band",3,2,subject_data,15–26,On-nail,,,,,,,,,,,,,,,,,P88,66.666700,,,,,
"(3,2)","(3,2) On-nail vs Off-nail — High band",3,2,subject_data,15–26,On-nail,,,,,,,,,,,,,,,,,P89,50.000000,,,,,
"(3,2)","(3,2) On-nail vs Off-nail — High band",3,2,subject_data,15–26,On-nail,,,,,,,,,,,,,,,,,P90,66.666700,,,,,
"(3,2)","(3,2) On-nail vs Off-nail — High band",3,2,subject_data,15–26,Off-nail,,,,,,,,,,,,,,,,,P76,66.666700,,,,,
"(3,2)","(3,2) On-nail vs Off-nail — High band",3,2,subject_data,15–26,Off-nail,,,,,,,,,,,,,,,,,P77,58.333300,,,,,
"(3,2)","(3,2) On-nail vs Off-nail — High band",3,2,subject_data,15–26,Off-nail,,,,,,,,,,,,,,,,,P78,33.333300,,,,,
"(3,2)","(3,2) On-nail vs Off-nail — High band",3,2,subject_data,15–26,Off-nail,,,,,,,,,,,,,,,,,P79,75.000000,,,,,
"(3,2)","(3,2) On-nail vs Off-nail — High band",3,2,subject_data,15–26,Off-nail,,,,,,,,,,,,,,,,,P80,58.333300,,,,,
"(3,2)","(3,2) On-nail vs Off-nail — High band",3,2,subject_data,15–26,Off-nail,,,,,,,,,,,,,,,,,P81,66.666700,,,,,
"(3,2)","(3,2) On-nail vs Off-nail — High band",3,2,subject_data,15–26,Off-nail,,,,,,,,,,,,,,,,,P82,33.333300,,,,,
"(3,2)","(3,2) On-nail vs Off-nail — High band",3,2,subject_data,15–26,Off-nail,,,,,,,,,,,,,,,,,P83,41.666700,,,,,
"(3,2)","(3,2) On-nail vs Off-nail — High band",3,2,subject_data,15–26,Off-nail,,,,,,,,,,,,,,,,,P84,83.333300,,,,,
"(3,2)","(3,2) On-nail vs Off-nail — High band",3,2,subject_data,15–26,Off-nail,,,,,,,,,,,,,,,,,P85,41.666700,,,,,
"(3,2)","(3,2) On-nail vs Off-nail — High band",3,2,subject_data,15–26,Off-nail,,,,,,,,,,,,,,,,,P86,75.000000,,,,,
"(3,2)","(3,2) On-nail vs Off-nail — High band",3,2,subject_data,15–26,Off-nail,,,,,,,,,,,,,,,,,P87,50.000000,,,,,
"(3,2)","(3,2) On-nail vs Off-nail — High band",3,2,subject_data,15–26,Off-nail,,,,,,,,,,,,,,,,,P88,66.666700,,,,,
"(3,2)","(3,2) On-nail vs Off-nail — High band",3,2,subject_data,15–26,Off-nail,,,,,,,,,,,,,,,,,P89,50.000000,,,,,
"(3,2)","(3,2) On-nail vs Off-nail — High band",3,2,subject_data,15–26,Off-nail,,,,,,,,,,,,,,,,,P90,66.666700,,,,,
"(3,2)","(3,2) On-nail vs Off-nail — High band",3,2,descriptive,26–60,On-nail,15.000000,79.444400,13.313500,,83.333300,75.000000,87.500000,12.500000,58.333300,100.000000,,,,,,,,,,,,,
"(3,2)","(3,2) On-nail vs Off-nail — High band",3,2,descriptive,26–60,Off-nail,15.000000,86.111100,9.272500,,83.333300,83.333300,91.666700,8.333300,75.000000,100.000000,,,,,,,,,,,,,
"(3,2)","(3,2) On-nail vs Off-nail — High band",3,2,inferential,26–60,On-nail vs Off-nail,,,,,,,,,,,,,"GEE (binomial, subject clustering)",On-nail − Off-nail,0.103004,n.s.,,,,,,,
"(3,2)","(3,2) On-nail vs Off-nail — High band",3,2,subject_data,26–60,On-nail,,,,,,,,,,,,,,,,,P76,75.000000,,,,,
"(3,2)","(3,2) On-nail vs Off-nail — High band",3,2,subject_data,26–60,On-nail,,,,,,,,,,,,,,,,,P77,83.333300,,,,,
"(3,2)","(3,2) On-nail vs Off-nail — High band",3,2,subject_data,26–60,On-nail,,,,,,,,,,,,,,,,,P78,91.666700,,,,,
"(3,2)","(3,2) On-nail vs Off-nail — High band",3,2,subject_data,26–60,On-nail,,,,,,,,,,,,,,,,,P79,83.333300,,,,,
"(3,2)","(3,2) On-nail vs Off-nail — High band",3,2,subject_data,26–60,On-nail,,,,,,,,,,,,,,,,,P80,75.000000,,,,,
"(3,2)","(3,2) On-nail vs Off-nail — High band",3,2,subject_data,26–60,On-nail,,,,,,,,,,,,,,,,,P81,83.333300,,,,,
"(3,2)","(3,2) On-nail vs Off-nail — High band",3,2,subject_data,26–60,On-nail,,,,,,,,,,,,,,,,,P82,50.000000,,,,,
"(3,2)","(3,2) On-nail vs Off-nail — High band",3,2,subject_data,26–60,On-nail,,,,,,,,,,,,,,,,,P83,91.666700,,,,,
"(3,2)","(3,2) On-nail vs Off-nail — High band",3,2,subject_data,26–60,On-nail,,,,,,,,,,,,,,,,,P84,66.666700,,,,,
"(3,2)","(3,2) On-nail vs Off-nail — High band",3,2,subject_data,26–60,On-nail,,,,,,,,,,,,,,,,,P85,91.666700,,,,,
"(3,2)","(3,2) On-nail vs Off-nail — High band",3,2,subject_data,26–60,On-nail,,,,,,,,,,,,,,,,,P86,83.333300,,,,,
"(3,2)","(3,2) On-nail vs Off-nail — High band",3,2,subject_data,26–60,On-nail,,,,,,,,,,,,,,,,,P87,100.000000,,,,,
"(3,2)","(3,2) On-nail vs Off-nail — High band",3,2,subject_data,26–60,On-nail,,,,,,,,,,,,,,,,,P88,75.000000,,,,,
"(3,2)","(3,2) On-nail vs Off-nail — High band",3,2,subject_data,26–60,On-nail,,,,,,,,,,,,,,,,,P89,83.333300,,,,,
"(3,2)","(3,2) On-nail vs Off-nail — High band",3,2,subject_data,26–60,On-nail,,,,,,,,,,,,,,,,,P90,58.333300,,,,,
"(3,2)","(3,2) On-nail vs Off-nail — High band",3,2,subject_data,26–60,Off-nail,,,,,,,,,,,,,,,,,P76,91.666700,,,,,
"(3,2)","(3,2) On-nail vs Off-nail — High band",3,2,subject_data,26–60,Off-nail,,,,,,,,,,,,,,,,,P77,75.000000,,,,,
"(3,2)","(3,2) On-nail vs Off-nail — High band",3,2,subject_data,26–60,Off-nail,,,,,,,,,,,,,,,,,P78,91.666700,,,,,
"(3,2)","(3,2) On-nail vs Off-nail — High band",3,2,subject_data,26–60,Off-nail,,,,,,,,,,,,,,,,,P79,83.333300,,,,,
"(3,2)","(3,2) On-nail vs Off-nail — High band",3,2,subject_data,26–60,Off-nail,,,,,,,,,,,,,,,,,P80,83.333300,,,,,
"(3,2)","(3,2) On-nail vs Off-nail — High band",3,2,subject_data,26–60,Off-nail,,,,,,,,,,,,,,,,,P81,100.000000,,,,,
"(3,2)","(3,2) On-nail vs Off-nail — High band",3,2,subject_data,26–60,Off-nail,,,,,,,,,,,,,,,,,P82,83.333300,,,,,
"(3,2)","(3,2) On-nail vs Off-nail — High band",3,2,subject_data,26–60,Off-nail,,,,,,,,,,,,,,,,,P83,91.666700,,,,,
"(3,2)","(3,2) On-nail vs Off-nail — High band",3,2,subject_data,26–60,Off-nail,,,,,,,,,,,,,,,,,P84,100.000000,,,,,
"(3,2)","(3,2) On-nail vs Off-nail — High band",3,2,subject_data,26–60,Off-nail,,,,,,,,,,,,,,,,,P85,91.666700,,,,,
"(3,2)","(3,2) On-nail vs Off-nail — High band",3,2,subject_data,26–60,Off-nail,,,,,,,,,,,,,,,,,P86,83.333300,,,,,
"(3,2)","(3,2) On-nail vs Off-nail — High band",3,2,subject_data,26–60,Off-nail,,,,,,,,,,,,,,,,,P87,83.333300,,,,,
"(3,2)","(3,2) On-nail vs Off-nail — High band",3,2,subject_data,26–60,Off-nail,,,,,,,,,,,,,,,,,P88,75.000000,,,,,
"(3,2)","(3,2) On-nail vs Off-nail — High band",3,2,subject_data,26–60,Off-nail,,,,,,,,,,,,,,,,,P89,66.666700,,,,,
"(3,2)","(3,2) On-nail vs Off-nail — High band",3,2,subject_data,26–60,Off-nail,,,,,,,,,,,,,,,,,P90,91.666700,,,,,
